query	results	status	time	max_mem[kB]
'MATCH (?v1)-[:Q12]->(Q428), (?v1)-[:Q12]->(?v0)  RETURN * LIMIT 2280000000	4694656	OK	8472	4172592
'MATCH (?v1)-[:Q159]->(?v0), (?v1)-[:Q12]->(Q76451)  RETURN * LIMIT 2280000000	12988	OK	111	4172592
'MATCH (?v0)-[:Q196]->(?v2), (?v0)-[:Q3443]->(?v1)  RETURN * LIMIT 2280000000	1034781	OK	1614	4172592
'MATCH (?v1)-[:Q12]->(Q3993), (?v1)-[:Q381]->(?v0)  RETURN * LIMIT 2280000000	91551	OK	229	4172592
'MATCH (?v1)-[:Q6]->(?v2), (?v1)-[:?v0]->(?v3)  RETURN * LIMIT 2280000000	215533084	OK	376414	4172596
'MATCH (?v1)-[:Q8]->(?v2), (?v1)-[:?v0]->(?v3)  RETURN * LIMIT 2280000000	493904907	TIMEOUT	600089	4172636
'MATCH (?v1)-[:Q3443]->(?v2), (?v1)-[:?v0]->(?v3)  RETURN * LIMIT 2280000000	10147296	OK	11137	4172636
'MATCH (?v1)-[:Q2344]->(?v2), (?v1)-[:?v0]->(?v3)  RETURN * LIMIT 2280000000	9334577	OK	12025	4172636
'MATCH (?v1)-[:Q3936]->(?v2), (?v1)-[:?v0]->(?v3)  RETURN * LIMIT 2280000000	407870836	OK	416483	4172636
'MATCH (?v1)-[:Q2351]->(?v2), (?v1)-[:?v0]->(?v3)  RETURN * LIMIT 2280000000	19207426	OK	15456	4172636
'MATCH (?v1)-[:Q3446]->(?v2), (?v1)-[:?v0]->(?v3)  RETURN * LIMIT 2280000000	16834611	OK	11646	4172636
'MATCH (?v1)-[:Q3452]->(?v2), (?v1)-[:?v0]->(?v3)  RETURN * LIMIT 2280000000	9661345	OK	10435	4172636
'MATCH (?v1)-[:Q3454]->(?v2), (?v1)-[:?v0]->(?v3)  RETURN * LIMIT 2280000000	9661891	OK	10268	4172636
'MATCH (?v1)-[:Q2348]->(?v2), (?v1)-[:?v0]->(?v3)  RETURN * LIMIT 2280000000	26973329	OK	19573	4172636
'MATCH (?v1)-[:Q2349]->(?v2), (?v1)-[:?v0]->(?v3)  RETURN * LIMIT 2280000000	19026878	OK	14895	4172636
'MATCH (?v1)-[:Q2350]->(?v2), (?v1)-[:?v0]->(?v3)  RETURN * LIMIT 2280000000	36605538	OK	24150	4172648
'MATCH (?v1)-[:Q3449]->(?v2), (?v1)-[:?v0]->(?v3)  RETURN * LIMIT 2280000000	8472299	OK	4935	4172648
'MATCH (?v1)-[:Q3450]->(?v2), (?v1)-[:?v0]->(?v3)  RETURN * LIMIT 2280000000	8151664	OK	10422	4172648
'MATCH (?v1)-[:Q4660]->(?v2), (?v1)-[:?v0]->(?v3)  RETURN * LIMIT 2280000000	446420361	OK	435491	4172648
'MATCH (?v1)-[:Q2347]->(?v2), (?v1)-[:?v0]->(?v3)  RETURN * LIMIT 2280000000	9846037	OK	10265	4172648
'MATCH (?v1)-[:Q3447]->(?v2), (?v1)-[:?v0]->(?v3)  RETURN * LIMIT 2280000000	17015427	OK	10520	4172648
'MATCH (?v1)-[:Q2346]->(?v2), (?v1)-[:?v0]->(?v3)  RETURN * LIMIT 2280000000	10381766	OK	7386	4172648
'MATCH (?v1)-[:Q4661]->(?v2), (?v1)-[:?v0]->(?v3)  RETURN * LIMIT 2280000000	192439020	OK	196923	4172648
'MATCH (?v1)-[:Q1250]->(?v2), (?v1)-[:?v0]->(?v3)  RETURN * LIMIT 2280000000	5739037	OK	9187	4172648
'MATCH (?v1)-[:Q2831]->(?v0), (?v1)-[:Q12]->(Q2507040)  RETURN * LIMIT 2280000000	166623887	OK	92214	4172652
'MATCH (?v1)-[:Q12]->(Q1306), (?v1)-[:?v2]->(?v0)  RETURN * LIMIT 2280000000	12799	OK	64	4172652
'MATCH (?v0)-[:Q12]->(?v1), (?v0)-[:Q381]->(?v2)  RETURN * LIMIT 2280000000	3925529	OK	11444	4172652
'MATCH (?v1)-[:Q210]->(Q35606), (?v1)-[:?v2]->(?v0)  RETURN * LIMIT 2280000000	17413	OK	40	4172652
'MATCH (?v0)-[:?v1]->(?v2), (?v2)-[:?v1]->(?v0)  RETURN * LIMIT 2280000000	1032243	TIMEOUT	600044	4172696
'MATCH (?v1)-[:Q1619]->(?v0), (?v1)-[:Q12]->(Q2507040)  RETURN * LIMIT 2280000000	18898684	OK	26099	4172696
'MATCH (?v1)-[:Q201]->(?v0), (?v1)-[:Q218]->(Q1202934)  RETURN * LIMIT 2280000000	60	OK	29	4172696
'MATCH (?v0)-[:Q159]->(?v2), (?v0)-[:Q35]->(?v1)  RETURN * LIMIT 2280000000	6868143	OK	11440	4172700
'MATCH (?v1)-[:Q12]->(Q12156), (?v1)-[:Q12]->(?v0)  RETURN * LIMIT 2280000000	4114209	OK	6997	4172700
'MATCH (?v0)-[:Q12]->(Q4673), (?v1)-[:?v2]->(?v0)  RETURN * LIMIT 2280000000	815186	OK	2034	4172700
'MATCH (?v1)-[:Q12]->(Q11878), (?v1)-[:Q1756]->(?v0)  RETURN * LIMIT 2280000000	1660	OK	24	4172700
'MATCH (?v0)-[:Q6]->(?v2), (?v2)-[:Q35]->(?v1)  RETURN * LIMIT 2280000000	7050143	OK	12838	4172700
'MATCH (?v0)-[:Q412]->(?v1), (?v0)-[:Q12]->(?v2)  RETURN * LIMIT 2280000000	7482711	OK	12192	4172700
'MATCH (?v0)-[:Q12]->(?v2), (?v2)-[:Q189]->(?v1)  RETURN * LIMIT 2280000000	38099599	OK	19544	4172700
'MATCH (?v1)-[:Q12]->(Q3993), (?v1)-[:Q606]->(?v0)  RETURN * LIMIT 2280000000	76946	OK	254	4172700
'MATCH (?v0)-[:Q205]->(Q1738), (?v1)-[:Q6]->(?v0)  RETURN * LIMIT 2280000000	41106	OK	199	4172700
'MATCH (?v0)-[:Q66]->(?v2), (?v0)-[:Q35]->(?v1)  RETURN * LIMIT 2280000000	332973	OK	830	4172700
'MATCH (?v1)-[:Q12]->(Q2507040), (?v1)-[:Q3867]->(?v0)  RETURN * LIMIT 2280000000	14816616	OK	24005	4172700
'MATCH (?v1)-[:Q159]->(Q2508), (?v1)-[:Q35]->(?v0)  RETURN * LIMIT 2280000000	12152	OK	64	4172700
'MATCH (?v0)-[:Q1147]->(?v2), (?v0)-[:Q208]->(?v1)  RETURN * LIMIT 2280000000	8713	OK	93	4172700
'MATCH (?v1)-[:Q412]->(?v0), (?v1)-[:Q12]->(Q136396)  RETURN * LIMIT 2280000000	6046	OK	64	4172700
'MATCH (?v0)-[:Q708]->(?v1), (?v0)-[:Q12]->(?v2)  RETURN * LIMIT 2280000000	1050754	OK	1519	4172700
'MATCH (?v0)-[:Q12]->(?v2), (?v0)-[:Q494]->(?v1)  RETURN * LIMIT 2280000000	878810	OK	2384	4172700
'MATCH (?v0)-[:Q159]->(?v1), (?v0)-[:?v2]->(Q4514)  RETURN * LIMIT 2280000000	19	OK	35	4172704
'MATCH (?v0)-[:Q205]->(?v1), (?v0)-[:Q208]->(?v2)  RETURN * LIMIT 2280000000	2557738	OK	4413	4172704
'MATCH (?v3)-[:?v0]->(?v1), (?v4)-[:?v0]->(?v2)  RETURN * LIMIT 2280000000	1049655503	TIMEOUT	600008	4172704
'MATCH (?v1)-[:Q12]->(Q428), (?v1)-[:Q208]->(?v0)  RETURN * LIMIT 2280000000	3285215	OK	5092	4172704
'MATCH (?v1)-[:Q4]->(?v0), (?v1)-[:Q12]->(Q12156)  RETURN * LIMIT 2280000000	0	OK	2725	4172704
'MATCH (?v0)-[:Q12]->(Q10961), (?v1)-[:?v2]->(?v0)  RETURN * LIMIT 2280000000	1594397	OK	31336	4172704
'MATCH (?v0)-[:Q206]->(?v1), (?v0)-[:Q201]->(?v2)  RETURN * LIMIT 2280000000	4387507	OK	5769	4172704
'MATCH (?v1)-[:Q206]->(Q5308), (?v1)-[:Q206]->(?v0)  RETURN * LIMIT 2280000000	359667	OK	666	4172704
'MATCH (?v0)-[:Q6]->(?v2), (?v2)-[:Q31]->(?v1)  RETURN * LIMIT 2280000000	1016291	OK	1334	4172704
'MATCH (?v1)-[:Q12]->(Q136396), (?v1)-[:Q27]->(?v0)  RETURN * LIMIT 2280000000	3284	OK	51	4172704
'MATCH (?v0)-[:Q176]->(?v1), (?v2)-[:Q12]->(?v1)  RETURN * LIMIT 2280000000	74965074	OK	47626	4172704
'MATCH (?v1)-[:Q12]->(Q77856), (?v1)-[:?v2]->(?v0)  RETURN * LIMIT 2280000000	410745	OK	498	4172704
'MATCH (?v0)-[:Q210]->(?v2), (?v0)-[:Q205]->(?v1)  RETURN * LIMIT 2280000000	725974	OK	1156	4172704
'MATCH (?v0)-[:Q66]->(?v2), (?v0)-[:Q175]->(?v1)  RETURN * LIMIT 2280000000	185197	OK	359	4172704
'MATCH (?v1)-[:Q206]->(Q378), (?v1)-[:Q205]->(?v0)  RETURN * LIMIT 2280000000	387346	OK	789	4172704
'MATCH (?v0)-[:Q1619]->(?v2), (?v0)-[:Q2831]->(?v1)  RETURN * LIMIT 2280000000	166413060	OK	117243	4172704
'MATCH (?v0)-[:Q63]->(?v1), (?v2)-[:Q63]->(?v1)  RETURN * LIMIT 2280000000	3705926	OK	5630	4172704
'MATCH (?v1)-[:?v0]->(?v2), (?v1)-[:?v4]->(?v3)  RETURN * LIMIT 2280000000	1015927431	TIMEOUT	600008	4172704
'MATCH (?v1)-[:Q12]->(Q428), (?v1)-[:Q218]->(?v0)  RETURN * LIMIT 2280000000	2965479	OK	4461	4172704
'MATCH (?v2)-[:?v0]->(?v1), (?v3)-[:Q176]->(?v2)  RETURN * LIMIT 2280000000	19381788	OK	12764	4172704
'MATCH (?v0)-[:Q412]->(Q34149), (?v1)-[:Q412]->(?v0)  RETURN * LIMIT 2280000000	5185	OK	39	4172704
'MATCH (?v0)-[:Q949]->(?v1), (?v0)-[:Q949]->(?v2)  RETURN * LIMIT 2280000000	1096746	OK	1738	4172704
'MATCH (?v0)-[:Q208]->(?v2), (?v0)-[:Q209]->(?v1)  RETURN * LIMIT 2280000000	1613715	OK	3199	4172704
'MATCH (?v1)-[:?v0]->(?v3), (?v2)-[:?v4]->(?v1)  RETURN * LIMIT 2280000000	1058655914	TIMEOUT	600009	4172704
'MATCH (?v0)-[:Q2831]->(?v2), (?v2)-[:Q381]->(?v1)  RETURN * LIMIT 2280000000	66659278	OK	44444	4172704
'MATCH (?v1)-[:Q12]->(Q2507040), (?v1)-[:Q939]->(?v0)  RETURN * LIMIT 2280000000	3555064	OK	6057	4172704
'MATCH (?v0)-[:Q12]->(?v1), (?v2)-[:Q6]->(?v1)  RETURN * LIMIT 2280000000	49516209	OK	26596	4172704
'MATCH (?v0)-[:Q12]->(?v2), (?v2)-[:Q800]->(?v1)  RETURN * LIMIT 2280000000	44986913	OK	22334	4172704
'MATCH (?v0)-[:Q63]->(?v2), (?v0)-[:Q159]->(?v1)  RETURN * LIMIT 2280000000	3608502	OK	6432	4172704
'MATCH (?v1)-[:Q12]->(Q4902), (?v1)-[:?v2]->(?v0)  RETURN * LIMIT 2280000000	5058550	OK	5433	4172704
'MATCH (?v1)-[:Q708]->(?v0), (?v1)-[:Q12]->(Q4902)  RETURN * LIMIT 2280000000	796994	OK	583	4172704
'MATCH (?v0)-[:Q8]->(?v1), (?v0)-[:Q12]->(?v1)  RETURN * LIMIT 2280000000	0	OK	34736	4172704
'MATCH (?v1)-[:Q1]->(?v2), (?v1)-[:?v0]->(?v3)  RETURN * LIMIT 2280000000	605842616	TIMEOUT	600011	4172704
'MATCH (?v1)-[:Q12]->(Q4902), (?v1)-[:Q705]->(?v0)  RETURN * LIMIT 2280000000	166092	OK	268	4172704
'MATCH (?v0)-[:Q2831]->(?v2), (?v2)-[:Q12]->(?v1)  RETURN * LIMIT 2280000000	166697157	OK	121957	4172704
'MATCH (?v0)-[:Q159]->(?v1), (?v0)-[:Q529]->(?v2)  RETURN * LIMIT 2280000000	1057670	OK	1744	4172704
'MATCH (?v0)-[:Q6]->(?v2), (?v2)-[:Q4651]->(?v1)  RETURN * LIMIT 2280000000	344	OK	15	4172704
'MATCH (?v1)-[:Q12]->(Q428), (?v1)-[:Q949]->(?v0)  RETURN * LIMIT 2280000000	499351	OK	1263	4172704
'MATCH (?v0)-[:Q602]->(?v1), (?v0)-[:Q1473]->(?v2)  RETURN * LIMIT 2280000000	223798	OK	227	4172704
'MATCH (?v1)-[:Q2552]->(?v0), (?v1)-[:Q12]->(Q5356483)  RETURN * LIMIT 2280000000	781	OK	14	4172704
'MATCH (?v2)-[:Q35]->(?v1), (?v3)-[:?v0]->(?v2)  RETURN * LIMIT 2280000000	38632553	OK	74737	4172704
'MATCH (?v0)-[:Q533]->(?v2), (?v0)-[:Q12]->(?v1)  RETURN * LIMIT 2280000000	1637512	OK	3329	4172704
'MATCH (?v1)-[:Q12]->(Q9113), (?v1)-[:?v2]->(?v0)  RETURN * LIMIT 2280000000	1195488	OK	1263	4172704
'MATCH (?v0)-[:Q159]->(?v1), (?v0)-[:Q159]->(?v2)  RETURN * LIMIT 2280000000	10197290	OK	14085	4172704
'MATCH (?v1)-[:Q1188]->(Q497243), (?v1)-[:Q606]->(?v0)  RETURN * LIMIT 2280000000	91	OK	14	4172704
'MATCH (?v0)-[:Q4785]->(?v2), (?v0)-[:Q411]->(?v1)  RETURN * LIMIT 2280000000	657	OK	12	4172704
'MATCH (?v1)-[:Q12]->(Q428), (?v1)-[:Q381]->(?v0)  RETURN * LIMIT 2280000000	23	OK	720	4172704
'MATCH (?v0)-[:Q309]->(?v2), (?v0)-[:Q606]->(?v1)  RETURN * LIMIT 2280000000	203829	OK	547	4172704
'MATCH (?v0)-[:Q1250]->(?v1), (?v2)-[:Q1250]->(?v1)  RETURN * LIMIT 2280000000	1835792433	TIMEOUT	600010	4172704
'MATCH (?v1)-[:Q412]->(Q27019), (?v1)-[:Q35]->(?v0)  RETURN * LIMIT 2280000000	9649	OK	44	4172704
'MATCH (?v0)-[:Q6]->(?v2), (?v2)-[:Q206]->(?v1)  RETURN * LIMIT 2280000000	4596658	OK	8312	4172704
'MATCH (?v1)-[:Q443]->(Q1503), (?v1)-[:Q444]->(?v0)  RETURN * LIMIT 2280000000	2110012	OK	3480	4172704
'MATCH (?v1)-[:Q205]->(Q25), (?v1)-[:Q208]->(?v0)  RETURN * LIMIT 2280000000	5384	OK	73	4172704
'MATCH (?v1)-[:Q12]->(Q2507040), (?v1)-[:Q381]->(?v0)  RETURN * LIMIT 2280000000	3423273	OK	5758	4172704
'MATCH (?v1)-[:Q201]->(Q8024), (?v1)-[:Q1628]->(?v0)  RETURN * LIMIT 2280000000	2471	OK	55	4172704
'MATCH (?v1)-[:Q309]->(Q4187843), (?v1)-[:Q12]->(?v0)  RETURN * LIMIT 2280000000	7	OK	6	4172704
'MATCH (?v0)-[:Q394]->(?v2), (?v0)-[:Q1238]->(?v1)  RETURN * LIMIT 2280000000	62	OK	57	4172704
'MATCH (?v0)-[:Q6]->(?v2), (?v2)-[:Q12]->(?v1)  RETURN * LIMIT 2280000000	49516226	OK	74473	4172704
'MATCH (?v0)-[:Q439]->(?v2), (?v0)-[:Q1238]->(?v1)  RETURN * LIMIT 2280000000	55	OK	50	4172704
'MATCH (?v0)-[:Q1277]->(?v1), (?v0)-[:Q1728]->(?v2)  RETURN * LIMIT 2280000000	0	OK	17	4172704
'MATCH (?v0)-[:Q1789]->(?v2), (?v0)-[:Q1336]->(?v1)  RETURN * LIMIT 2280000000	0	OK	23	4172704
'MATCH (?v0)-[:Q1603]->(?v2), (?v0)-[:Q1336]->(?v1)  RETURN * LIMIT 2280000000	0	OK	9	4172704
'MATCH (?v0)-[:Q3390]->(?v2), (?v0)-[:Q1336]->(?v1)  RETURN * LIMIT 2280000000	0	OK	8	4172704
'MATCH (?v0)-[:Q1985]->(?v2), (?v0)-[:Q1336]->(?v1)  RETURN * LIMIT 2280000000	0	OK	10	4172704
'MATCH (?v1)-[:Q12]->(Q428), (?v1)-[:Q313]->(?v0)  RETURN * LIMIT 2280000000	275992	OK	966	4172704
'MATCH (?v0)-[:Q206]->(?v2), (?v0)-[:Q289]->(?v1)  RETURN * LIMIT 2280000000	2833224	OK	5708	4172704
'MATCH (?v1)-[:Q265]->(?v0), (?v1)-[:Q12]->(Q428)  RETURN * LIMIT 2280000000	677986	OK	1479	4172704
'MATCH (?v0)-[:Q917]->(?v2), (?v0)-[:Q918]->(?v1)  RETURN * LIMIT 2280000000	701	OK	10	4172704
'MATCH (?v1)-[:Q12]->(Q2507040), (?v1)-[:?v2]->(?v0)  RETURN * LIMIT 2280000000	473357705	OK	314802	4172704
'MATCH (?v1)-[:Q1178]->(?v0), (?v1)-[:Q12]->(Q4902)  RETURN * LIMIT 2280000000	5683	OK	39	4172704
'MATCH (?v0)-[:Q38]->(?v1), (?v0)-[:Q76]->(?v2)  RETURN * LIMIT 2280000000	624905	OK	1265	4172704
'MATCH (?v0)-[:Q12]->(?v1), (?v0)-[:Q35]->(?v2)  RETURN * LIMIT 2280000000	6932857	OK	12358	4172704
'MATCH (?v0)-[:Q63]->(?v2), (?v0)-[:Q12]->(?v1)  RETURN * LIMIT 2280000000	3561417	OK	6635	4172704
'MATCH (?v0)-[:Q381]->(?v1), (?v0)-[:Q381]->(?v2)  RETURN * LIMIT 2280000000	19852610	OK	12108	4172704
'MATCH (?v0)-[:Q939]->(?v1), (?v0)-[:Q939]->(?v2)  RETURN * LIMIT 2280000000	12694607	OK	8913	4172704
'MATCH (?v1)-[:Q38]->(?v0), (?v1)-[:Q12]->(Q428)  RETURN * LIMIT 2280000000	1148317	OK	2380	4172704
'MATCH (?v1)-[:Q889]->(?v0), (?v1)-[:Q12]->(Q2507040)  RETURN * LIMIT 2280000000	19022029	OK	27394	4172704
'MATCH (?v0)-[:?v1]->(Q1108954), (?v0)-[:?v1]->(Q416998)  RETURN * LIMIT 2280000000	6	OK	11	4172704
'MATCH (?v0)-[:Q1141]->(?v1), (?v0)-[:Q35]->(?v2)  RETURN * LIMIT 2280000000	9620	OK	310	4172704
'MATCH (?v1)-[:Q1503]->(?v0), (?v1)-[:Q12]->(Q11878)  RETURN * LIMIT 2280000000	5212	OK	18	4172704
'MATCH (?v0)-[:Q66]->(?v1), (?v0)-[:Q35]->(?v2)  RETURN * LIMIT 2280000000	332973	OK	882	4172704
'MATCH (?v0)-[:Q1141]->(?v2), (?v0)-[:Q35]->(?v1)  RETURN * LIMIT 2280000000	9620	OK	201	4172704
'MATCH (?v0)-[:Q412]->(?v2), (?v0)-[:Q159]->(?v1)  RETURN * LIMIT 2280000000	7217008	OK	11063	4172704
'MATCH (?v0)-[:Q289]->(?v2), (?v2)-[:Q35]->(?v1)  RETURN * LIMIT 2280000000	2205131	OK	1886	4172704
'MATCH (?v1)-[:Q12]->(?v0), (?v1)-[:Q703]->(Q457)  RETURN * LIMIT 2280000000	79997	OK	542	4172704
'MATCH (?v1)-[:Q1619]->(Q3910706), (?v1)-[:Q12]->(?v0)  RETURN * LIMIT 2280000000	61806	OK	505	4172704
'MATCH (?v0)-[:Q12]->(?v2), (?v2)-[:Q4]->(?v1)  RETURN * LIMIT 2280000000	0	OK	295	4172704
'MATCH (?v1)-[:Q2228]->(?v0), (?v1)-[:Q196]->(Q18142)  RETURN * LIMIT 2280000000	140	OK	11	4172704
'MATCH (?v0)-[:Q221]->(?v1), (?v0)-[:Q218]->(?v2)  RETURN * LIMIT 2280000000	1063629	OK	2328	4172704
'MATCH (?v0)-[:Q159]->(?v2), (?v2)-[:Q66]->(?v1)  RETURN * LIMIT 2280000000	10325660	OK	5977	4172704
'MATCH (?v0)-[:?v2]->(Q24487), (?v1)-[:Q6]->(?v0)  RETURN * LIMIT 2280000000	17	OK	69	4172704
'MATCH (?v0)-[:Q12]->(Q19), (?v1)-[:?v2]->(?v0)  RETURN * LIMIT 2280000000	12679290	OK	11123	4172704
'MATCH (?v1)-[:Q12]->(Q34530), (?v1)-[:?v2]->(?v0)  RETURN * LIMIT 2280000000	326956	OK	745	4172704
'MATCH (?v0)-[:Q12]->(Q68509), (?v1)-[:Q361]->(?v0)  RETURN * LIMIT 2280000000	221	OK	20	4172704
'MATCH (?v0)-[:Q12]->(Q19), (?v1)-[:Q159]->(?v0)  RETURN * LIMIT 2280000000	9182877	OK	6968	4172704
'MATCH (?v1)-[:Q12]->(Q4902), (?v1)-[:Q703]->(?v0)  RETURN * LIMIT 2280000000	163257	OK	315	4172704
'MATCH (?v1)-[:Q159]->(?v0), (?v1)-[:Q12]->(Q24455)  RETURN * LIMIT 2280000000	25826	OK	153	4172704
'MATCH (?v1)-[:Q12]->(Q428), (?v1)-[:Q507]->(?v0)  RETURN * LIMIT 2280000000	234039	OK	627	4172704
'MATCH (?v0)-[:Q1619]->(Q3910706), (?v1)-[:Q2831]->(?v0)  RETURN * LIMIT 2280000000	3693290	OK	4095	4172704
'MATCH (?v1)-[:Q412]->(Q4133), (?v1)-[:Q35]->(?v0)  RETURN * LIMIT 2280000000	3581	OK	41	4172704
'MATCH (?v1)-[:Q12]->(Q4902), (?v1)-[:Q706]->(?v0)  RETURN * LIMIT 2280000000	105656	OK	220	4172704
'MATCH (?v1)-[:Q12]->(Q4902), (?v1)-[:Q494]->(?v0)  RETURN * LIMIT 2280000000	215600	OK	410	4172704
'MATCH (?v1)-[:Q159]->(Q22), (?v1)-[:Q529]->(?v0)  RETURN * LIMIT 2280000000	46630	OK	198	4172704
'MATCH (?v0)-[:Q12]->(?v1), (?v0)-[:Q164]->(?v2)  RETURN * LIMIT 2280000000	1842	OK	29	4172704
'MATCH (?v2)-[:Q1]->(?v1), (?v3)-[:?v0]->(?v2)  RETURN * LIMIT 2280000000	391403083	OK	479105	4172708
'MATCH (?v0)-[:Q1178]->(?v2), (?v2)-[:Q12]->(?v1)  RETURN * LIMIT 2280000000	27890	OK	138	4172708
'MATCH (?v1)-[:Q12]->(Q428), (?v1)-[:Q45]->(?v0)  RETURN * LIMIT 2280000000	23887	OK	428	4172708
'MATCH (?v0)-[:Q12]->(?v2), (?v0)-[:Q606]->(?v1)  RETURN * LIMIT 2280000000	20001889	OK	29582	4172708
'MATCH (?v1)-[:Q1]->(Q1634), (?v1)-[:?v2]->(?v0)  RETURN * LIMIT 2280000000	0	OK	8	4172708
'MATCH (?v0)-[:Q647]->(?v2), (?v0)-[:Q184]->(?v1)  RETURN * LIMIT 2280000000	3186	OK	68	4172708
'MATCH (?v0)-[:Q708]->(?v1), (?v0)-[:Q708]->(?v2)  RETURN * LIMIT 2280000000	19164962	OK	8049	4172708
'MATCH (?v1)-[:Q1]->(Q91697372), (?v1)-[:?v2]->(?v0)  RETURN * LIMIT 2280000000	0	OK	9	4172708
'MATCH (?v0)-[:Q201]->(?v1), (?v0)-[:Q218]->(?v2)  RETURN * LIMIT 2280000000	2936517	OK	4710	4172708
'MATCH (?v1)-[:Q443]->(Q31132), (?v1)-[:Q444]->(?v0)  RETURN * LIMIT 2280000000	20112	OK	125	4172708
'MATCH (?v0)-[:Q889]->(?v2), (?v0)-[:Q708]->(?v1)  RETURN * LIMIT 2280000000	366685	OK	410	4172708
'MATCH (?v0)-[:Q203]->(Q245242), (?v1)-[:Q6]->(?v0)  RETURN * LIMIT 2280000000	20	OK	9	4172708
'MATCH (?v0)-[:Q926]->(?v2), (?v0)-[:Q201]->(?v1)  RETURN * LIMIT 2280000000	6207	OK	59	4172708
'MATCH (?v0)-[:Q221]->(?v1), (?v2)-[:Q221]->(?v1)  RETURN * LIMIT 2280000000	677785017	OK	228958	4172708
'MATCH (?v0)-[:Q289]->(?v1), (?v2)-[:Q289]->(?v1)  RETURN * LIMIT 2280000000	1804830557	TIMEOUT	600008	4172708
'MATCH (?v0)-[:Q305]->(?v1), (?v2)-[:Q305]->(?v1)  RETURN * LIMIT 2280000000	1258356578	OK	435715	4172708
'MATCH (?v1)-[:Q206]->(Q3161), (?v1)-[:Q218]->(?v0)  RETURN * LIMIT 2280000000	107882	OK	275	4172708
'MATCH (?v1)-[:Q201]->(Q373), (?v1)-[:Q218]->(?v0)  RETURN * LIMIT 2280000000	2428364	OK	3770	4172708
'MATCH (?v0)-[:Q159]->(?v2), (?v2)-[:Q78]->(?v1)  RETURN * LIMIT 2280000000	12314348	OK	6872	4172708
'MATCH (?v1)-[:Q811]->(Q74803), (?v1)-[:Q35]->(?v0)  RETURN * LIMIT 2280000000	103054	OK	270	4172708
'MATCH (?v1)-[:Q12]->(Q1505), (?v1)-[:Q453]->(?v0)  RETURN * LIMIT 2280000000	2032438	OK	3588	4172708
'MATCH (?v0)-[:Q12]->(Q428), (?v1)-[:Q176]->(?v0)  RETURN * LIMIT 2280000000	370	OK	262	4172708
'MATCH (?v0)-[:Q12]->(?v1), (?v0)-[:Q2172]->(?v2)  RETURN * LIMIT 2280000000	42878	OK	188	4172708
'MATCH (?v2)-[:Q45]->(?v1), (?v3)-[:?v0]->(?v2)  RETURN * LIMIT 2280000000	101772257	OK	95872	4172708
'MATCH (?v0)-[:Q144]->(?v2), (?v0)-[:Q23]->(?v1)  RETURN * LIMIT 2280000000	35	OK	10	4172708
'MATCH (?v1)-[:Q1300]->(?v0), (?v1)-[:Q12]->(Q1374780)  RETURN * LIMIT 2280000000	746	OK	16	4172708
'MATCH (?v0)-[:Q189]->(?v2), (?v0)-[:Q38]->(?v1)  RETURN * LIMIT 2280000000	438840	OK	1263	4172708
'MATCH (?v1)-[:Q12]->(Q19), (?v1)-[:Q37]->(?v0)  RETURN * LIMIT 2280000000	193	OK	9	4172708
'MATCH (?v0)-[:Q189]->(?v1), (?v0)-[:Q35]->(?v2)  RETURN * LIMIT 2280000000	1232253	OK	2695	4172708
'MATCH (?v0)-[:Q159]->(?v1), (?v0)-[:Q189]->(?v2)  RETURN * LIMIT 2280000000	1313129	OK	2923	4172708
'MATCH (?v0)-[:Q189]->(?v1), (?v0)-[:Q12]->(?v2)  RETURN * LIMIT 2280000000	2738525	OK	6235	4172708
'MATCH (?v0)-[:?v1]->(Q3937780), (?v2)-[:Q6]->(?v0)  RETURN * LIMIT 2280000000	315	OK	16	4172708
'MATCH (?v1)-[:Q12]->(Q2507040), (?v1)-[:Q12]->(?v0)  RETURN * LIMIT 2280000000	19088327	OK	25932	4172708
'MATCH (?v1)-[:Q12]->(Q97903), (?v1)-[:?v2]->(?v0)  RETURN * LIMIT 2280000000	4050562	OK	4337	4172708
'MATCH (Q24)-[:Q36]->(?v0), (?v0)-[:Q43]->(?v1)  RETURN * LIMIT 2280000000	2	OK	9	4172708
'MATCH (?v0)-[:Q442]->(?v2), (?v0)-[:Q35]->(?v1)  RETURN * LIMIT 2280000000	15	OK	471	4172708
'MATCH (?v0)-[:Q6]->(?v2), (?v2)-[:Q145]->(?v1)  RETURN * LIMIT 2280000000	62510	OK	507	4172708
'MATCH (?v0)-[:Q455]->(?v1), (?v0)-[:Q442]->(?v2)  RETURN * LIMIT 2280000000	108350	OK	345	4172708
'MATCH (?v1)-[:Q289]->(?v0), (?v1)-[:Q12]->(Q428)  RETURN * LIMIT 2280000000	2094654	OK	3764	4172708
'MATCH (?v1)-[:Q723]->(?v0), (?v1)-[:Q12]->(Q4902)  RETURN * LIMIT 2280000000	119019	OK	267	4172708
'MATCH (?v1)-[:Q333]->(?v0), (?v1)-[:Q12]->(Q428)  RETURN * LIMIT 2280000000	56081	OK	179	4172708
'MATCH (?v1)-[:Q1008]->(?v0), (?v1)-[:Q12]->(Q24786)  RETURN * LIMIT 2280000000	6641	OK	33	4172708
'MATCH (?v1)-[:Q210]->(?v0), (?v1)-[:Q12]->(Q428)  RETURN * LIMIT 2280000000	743163	OK	1009	4172708
'MATCH (?v0)-[:Q154]->(Q279), (?v1)-[:Q159]->(?v0)  RETURN * LIMIT 2280000000	6668291	OK	5203	4172708
'MATCH (?v0)-[:Q12]->(?v2), (?v0)-[:Q62]->(?v1)  RETURN * LIMIT 2280000000	1273990	OK	3242	4172708
'MATCH (?v1)-[:Q12]->(Q6636), (?v1)-[:Q12]->(?v0)  RETURN * LIMIT 2280000000	50	OK	9	4172708
'MATCH (?v1)-[:Q159]->(Q2523), (?v1)-[:Q803]->(?v0)  RETURN * LIMIT 2280000000	490	OK	23	4172708
'MATCH (?v1)-[:Q159]->(Q2523), (?v1)-[:Q35]->(?v0)  RETURN * LIMIT 2280000000	11264	OK	80	4172708
'MATCH (?v1)-[:Q144]->(?v0), (?v1)-[:Q12]->(Q6499)  RETURN * LIMIT 2280000000	86	OK	15	4172708
'MATCH (?v0)-[:Q3867]->(?v1), (?v0)-[:Q4660]->(?v2)  RETURN * LIMIT 2280000000	13387738	OK	24043	4172708
'MATCH (?v1)-[:Q443]->(Q1503), (?v1)-[:Q442]->(?v0)  RETURN * LIMIT 2280000000	2109419	OK	3211	4172708
'MATCH (?v0)-[:Q27]->(?v1), (?v0)-[:Q2172]->(?v2)  RETURN * LIMIT 2280000000	13539	OK	85	4172708
'MATCH (?v0)-[:Q159]->(?v2), (?v2)-[:Q609]->(?v1)  RETURN * LIMIT 2280000000	669238	OK	363	4172708
'MATCH (?v0)-[:Q412]->(?v1), (?v0)-[:Q412]->(?v2)  RETURN * LIMIT 2280000000	8422709	OK	10696	4172708
'MATCH (?v0)-[:Q189]->(?v2), (?v0)-[:Q12]->(?v1)  RETURN * LIMIT 2280000000	2738525	OK	5965	4172708
'MATCH (?v1)-[:Q66]->(?v0), (?v1)-[:Q159]->(Q22)  RETURN * LIMIT 2280000000	11810	OK	104	4172708
'MATCH (?v0)-[:Q2831]->(?v2), (?v0)-[:Q606]->(?v1)  RETURN * LIMIT 2280000000	166638673	OK	151694	4172708
'MATCH (?v0)-[:Q606]->(?v2), (?v0)-[:Q4660]->(?v1)  RETURN * LIMIT 2280000000	17442368	OK	29303	4172708
'MATCH (?v0)-[:Q201]->(Q8024), (?v1)-[:Q381]->(?v0)  RETURN * LIMIT 2280000000	625158	OK	1038	4172708
'MATCH (?v0)-[:Q205]->(?v1), (?v0)-[:Q209]->(?v2)  RETURN * LIMIT 2280000000	1228733	OK	2495	4172708
'MATCH (?v0)-[:Q196]->(?v1), (?v2)-[:Q206]->(?v1)  RETURN * LIMIT 2280000000	128912554	OK	52796	4172708
'MATCH (?v0)-[:Q206]->(?v1), (?v0)-[:Q209]->(?v2)  RETURN * LIMIT 2280000000	1892391	OK	2861	4172708
'MATCH (?v1)-[:Q56]->(?v2), (?v1)-[:?v0]->(?v3)  RETURN * LIMIT 2280000000	30293668	OK	33449	4172708
'MATCH (?v1)-[:Q2670]->(?v0), (?v1)-[:Q12]->(Q2507040)  RETURN * LIMIT 2280000000	78008964	OK	51646	4172708
'MATCH (?v0)-[:Q12]->(Q22148), (?v1)-[:Q6]->(?v0)  RETURN * LIMIT 2280000000	211962	OK	915	4172708
'MATCH (?v1)-[:Q375]->(Q29), (?v1)-[:Q44]->(?v0)  RETURN * LIMIT 2280000000	1191	OK	51	4172708
'MATCH (?v0)-[:Q412]->(?v1), (?v0)-[:Q35]->(?v2)  RETURN * LIMIT 2280000000	5305483	OK	8972	4172708
'MATCH (?v1)-[:Q1473]->(?v0), (?v1)-[:Q12]->(Q97903)  RETURN * LIMIT 2280000000	345211	OK	629	4172708
'MATCH (?v1)-[:Q3744]->(?v0), (?v1)-[:Q12]->(Q2507040)  RETURN * LIMIT 2280000000	18441082	OK	28057	4172708
'MATCH (?v0)-[:Q12]->(Q4902), (?v1)-[:Q6]->(?v0)  RETURN * LIMIT 2280000000	222258	OK	1039	4172708
'MATCH (?v0)-[:Q189]->(?v1), (?v0)-[:Q282]->(?v2)  RETURN * LIMIT 2280000000	168900	OK	517	4172708
'MATCH (?v0)-[:Q289]->(?v2), (?v2)-[:Q12]->(?v1)  RETURN * LIMIT 2280000000	4654097	OK	3536	4172708
'MATCH (?v0)-[:Q303]->(?v1), (?v1)-[:Q303]->(?v0)  RETURN * LIMIT 2280000000	54	OK	150	4172708
'MATCH (?v1)-[:Q338]->(?v0), (?v1)-[:Q12]->(Q24467)  RETURN * LIMIT 2280000000	44565	OK	170	4172708
'MATCH (?v0)-[:Q2670]->(?v2), (?v2)-[:Q12]->(?v1)  RETURN * LIMIT 2280000000	0	OK	2691	4172708
'MATCH (?v0)-[:Q12]->(?v2), (?v2)-[:Q12]->(?v1)  RETURN * LIMIT 2280000000	20800589	OK	11970	4172708
'MATCH (?v0)-[:Q282]->(?v2), (?v0)-[:Q12]->(?v1)  RETURN * LIMIT 2280000000	427299	OK	1236	4172708
'MATCH (?v0)-[:Q189]->(?v1), (?v0)-[:Q189]->(?v2)  RETURN * LIMIT 2280000000	2891704	OK	4246	4172708
'MATCH (?v0)-[:Q12]->(?v2), (?v0)-[:Q3867]->(?v1)  RETURN * LIMIT 2280000000	14912804	OK	25123	4172708
'MATCH (?v0)-[:Q12]->(?v2), (?v0)-[:Q35]->(?v1)  RETURN * LIMIT 2280000000	6932857	OK	12364	4172708
'MATCH (?v1)-[:Q66]->(?v0), (?v1)-[:Q12]->(Q6499)  RETURN * LIMIT 2280000000	4748	OK	50	4172708
'MATCH (?v0)-[:Q12]->(Q428), (?v1)-[:?v2]->(?v0)  RETURN * LIMIT 2280000000	12863771	OK	23805	4172708
'MATCH (?v0)-[:Q62]->(?v2), (?v0)-[:Q612]->(?v1)  RETURN * LIMIT 2280000000	62845	OK	209	4172708
'MATCH (?v1)-[:Q12]->(Q3058), (?v1)-[:Q528]->(?v0)  RETURN * LIMIT 2280000000	38518	OK	108	4172708
'MATCH (?v0)-[:Q63]->(?v1), (?v0)-[:Q12]->(?v2)  RETURN * LIMIT 2280000000	3561417	OK	6956	4172708
'MATCH (?v1)-[:Q12]->(Q111642), (?v1)-[:Q1534]->(?v0)  RETURN * LIMIT 2280000000	93	OK	10	4172708
'MATCH (?v0)-[:Q444]->(?v1), (?v0)-[:Q442]->(?v2)  RETURN * LIMIT 2280000000	2526043	OK	4160	4172708
'MATCH (?v0)-[:Q66]->(?v1), (?v0)-[:Q159]->(?v2)  RETURN * LIMIT 2280000000	414635	OK	1153	4172708
'MATCH (?v0)-[:Q12]->(Q23942), (?v1)-[:Q412]->(?v0)  RETURN * LIMIT 2280000000	17607	OK	35	4172708
'MATCH (?v1)-[:Q6]->(?v0), (?v1)-[:Q1]->(Q91697372)  RETURN * LIMIT 2280000000	0	OK	7	4172708
'MATCH (?v1)-[:Q444]->(Q1498), (?v1)-[:Q444]->(?v0)  RETURN * LIMIT 2280000000	24	OK	10	4172708
'MATCH (?v0)-[:Q289]->(?v1), (?v0)-[:Q208]->(?v2)  RETURN * LIMIT 2280000000	2036057	OK	3945	4172708
'MATCH (?v1)-[:Q206]->(Q378), (?v1)-[:Q212]->(?v0)  RETURN * LIMIT 2280000000	426116	OK	704	4172708
'MATCH (?v0)-[:Q35]->(?v1), (?v0)-[:Q35]->(?v2)  RETURN * LIMIT 2280000000	7294053	OK	10841	4172708
'MATCH (?v0)-[:Q800]->(Q137151794), (?v1)-[:?v2]->(?v0)  RETURN * LIMIT 2280000000	19069160	OK	13881	4172708
'MATCH (?v1)-[:Q159]->(?v0), (?v1)-[:Q12]->(Q135272)  RETURN * LIMIT 2280000000	1586	OK	54	4172708
'MATCH (?v0)-[:Q381]->(?v2), (?v2)-[:Q1361]->(?v1)  RETURN * LIMIT 2280000000	3139680	OK	2735	4172708
'MATCH (?v0)-[:Q1619]->(?v1), (?v0)-[:?v2]->(Q428)  RETURN * LIMIT 2280000000	119	OK	4397	4172708
'MATCH (?v1)-[:Q206]->(Q16044), (?v1)-[:Q1109]->(?v0)  RETURN * LIMIT 2280000000	183608	OK	359	4172708
'MATCH (?v1)-[:Q12]->(Q11878), (?v1)-[:?v2]->(?v0)  RETURN * LIMIT 2280000000	203749	OK	242	4172708
'MATCH (?v0)-[:Q889]->(?v2), (?v0)-[:Q381]->(?v1)  RETURN * LIMIT 2280000000	3501401	OK	6106	4172708
'MATCH (?v1)-[:Q353]->(?v0), (?v1)-[:Q12]->(Q428)  RETURN * LIMIT 2280000000	91455	OK	378	4172708
'MATCH (?v0)-[:Q412]->(?v2), (?v2)-[:Q159]->(?v1)  RETURN * LIMIT 2280000000	7245544	OK	5754	4172708
'MATCH (?v0)-[:Q265]->(Q457), (?v1)-[:Q6]->(?v0)  RETURN * LIMIT 2280000000	132838	OK	743	4172708
'MATCH (?v0)-[:Q419]->(?v2), (?v0)-[:Q12]->(?v1)  RETURN * LIMIT 2280000000	9380	OK	142	4172708
'MATCH (?v0)-[:Q1473]->(?v2), (?v0)-[:Q12]->(?v1)  RETURN * LIMIT 2280000000	484413	OK	1192	4172708
'MATCH (?v1)-[:Q4]->(?v0), (?v1)-[:Q12]->(Q383996)  RETURN * LIMIT 2280000000	0	OK	17	4172708
'MATCH (?v0)-[:Q28]->(?v1), (?v0)-[:Q450]->(?v2)  RETURN * LIMIT 2280000000	1233	OK	136	4172708
'MATCH (?v1)-[:Q586]->(Q22592958), (?v1)-[:Q35]->(?v0)  RETURN * LIMIT 2280000000	47	OK	9	4172708
'MATCH (?v0)-[:Q602]->(?v1), (?v0)-[:Q189]->(?v2)  RETURN * LIMIT 2280000000	201859	OK	337	4172708
'MATCH (?v0)-[:Q189]->(?v1), (?v0)-[:Q208]->(?v2)  RETURN * LIMIT 2280000000	722373	OK	2028	4172708
'MATCH (?v1)-[:Q12]->(Q428), (?v1)-[:Q27]->(?v0)  RETURN * LIMIT 2280000000	429941	OK	1257	4172708
'MATCH (?v1)-[:Q12]->(Q4902), (?v1)-[:Q606]->(?v0)  RETURN * LIMIT 2280000000	220692	OK	530	4172708
'MATCH (?v1)-[:Q4]->(?v0), (?v1)-[:Q12]->(Q4902)  RETURN * LIMIT 2280000000	0	OK	785	4172708
'MATCH (?v1)-[:Q201]->(Q8024), (?v1)-[:Q205]->(?v0)  RETURN * LIMIT 2280000000	492395	OK	1156	4172708
'MATCH (?v0)-[:Q705]->(?v2), (?v2)-[:Q4]->(?v1)  RETURN * LIMIT 2280000000	0	OK	301	4172708
'MATCH (?v0)-[:Q338]->(?v2), (?v2)-[:Q4]->(?v1)  RETURN * LIMIT 2280000000	0	OK	66	4172708
'MATCH (?v1)-[:Q206]->(Q91385283), (?v1)-[:Q197]->(?v0)  RETURN * LIMIT 2280000000	0	OK	9	4172708
'MATCH (?v0)-[:Q206]->(?v1), (?v0)-[:Q208]->(?v2)  RETURN * LIMIT 2280000000	3882061	OK	5453	4172708
'MATCH (?v1)-[:Q12]->(Q136057), (?v1)-[:?v2]->(?v0)  RETURN * LIMIT 2280000000	113161	OK	126	4172708
'MATCH (?v1)-[:Q189]->(?v0), (?v1)-[:Q12]->(Q27224)  RETURN * LIMIT 2280000000	6202	OK	237	4172708
'MATCH (?v0)-[:Q206]->(?v1), (?v0)-[:Q205]->(?v2)  RETURN * LIMIT 2280000000	3723279	OK	4571	4172708
'MATCH (?v0)-[:Q159]->(Q1709), (?v1)-[:Q2187]->(?v0)  RETURN * LIMIT 2280000000	407	OK	23	4172708
'MATCH (?v0)-[:Q1143]->(?v2), (?v0)-[:Q35]->(?v1)  RETURN * LIMIT 2280000000	23784	OK	110	4172708
'MATCH (?v1)-[:Q355]->(?v0), (?v1)-[:Q159]->(Q159)  RETURN * LIMIT 2280000000	293	OK	23	4172708
'MATCH (?v0)-[:Q1]->(?v1), (?v0)-[:Q1]->(?v2)  RETURN * LIMIT 2280000000	106049671	OK	135309	4172708
'MATCH (?v1)-[:Q159]->(?v0), (?v1)-[:Q12]->(Q97566)  RETURN * LIMIT 2280000000	11409	OK	84	4172708
'MATCH (?v1)-[:Q442]->(?v0), (?v1)-[:Q12]->(Q1505)  RETURN * LIMIT 2280000000	2454492	OK	3873	4172708
'MATCH (?v1)-[:Q443]->(Q133662), (?v1)-[:Q442]->(?v0)  RETURN * LIMIT 2280000000	99891	OK	219	4172708
'MATCH (?v0)-[:Q381]->(?v2), (?v0)-[:Q606]->(?v1)  RETURN * LIMIT 2280000000	3645507	OK	6945	4172708
'MATCH (?v0)-[:Q1300]->(?v1), (?v0)-[:Q189]->(?v2)  RETURN * LIMIT 2280000000	7187	OK	154	4172708
'MATCH (?v0)-[:Q38]->(?v1), (?v0)-[:Q28]->(?v2)  RETURN * LIMIT 2280000000	650934	OK	1267	4172708
'MATCH (?v0)-[:Q375]->(?v1), (?v2)-[:Q375]->(?v1)  RETURN * LIMIT 2280000000	1782179615	TIMEOUT	600010	4172708
'MATCH (?v0)-[:Q196]->(?v1), (?v2)-[:Q12]->(?v1)  RETURN * LIMIT 2280000000	1489700061	TIMEOUT	600009	4172708
'MATCH (?v0)-[:Q338]->(?v1), (?v0)-[:Q12]->(?v2)  RETURN * LIMIT 2280000000	820801	OK	2098	4172708
'MATCH (?v1)-[:Q206]->(?v0), (?v1)-[:Q205]->(Q22)  RETURN * LIMIT 2280000000	333140	OK	679	4172708
'MATCH (?v1)-[:Q206]->(?v0), (?v1)-[:Q205]->(Q153)  RETURN * LIMIT 2280000000	582565	OK	836	4172708
'MATCH (?v1)-[:Q289]->(Q1705), (?v1)-[:Q199]->(?v0)  RETURN * LIMIT 2280000000	267	OK	23	4172708
'MATCH (?v1)-[:Q12]->(Q130612), (?v1)-[:Q35]->(?v0)  RETURN * LIMIT 2280000000	22224	OK	123	4172708
'MATCH (?v0)-[:Q159]->(?v2), (?v2)-[:Q113]->(?v1)  RETURN * LIMIT 2280000000	9674931	OK	5549	4172708
'MATCH (?v0)-[:Q196]->(Q34530), (?v1)-[:Q12]->(?v0)  RETURN * LIMIT 2280000000	118554	OK	136	4172708
'MATCH (?v0)-[:Q1462]->(?v2), (?v0)-[:Q208]->(?v1)  RETURN * LIMIT 2280000000	5860	OK	88	4172708
'MATCH (?v1)-[:Q12]->(Q6499), (?v1)-[:Q62]->(?v0)  RETURN * LIMIT 2280000000	2641	OK	66	4172708
'MATCH (?v0)-[:Q601]->(?v1), (?v2)-[:Q6]->(?v1)  RETURN * LIMIT 2280000000	607171	OK	446	4172708
'MATCH (?v0)-[:Q12]->(Q4902), (?v0)-[:?v1]->(Q96621236)  RETURN * LIMIT 2280000000	6	OK	1526	4172708
'MATCH (?v0)-[:Q2414]->(?v2), (?v0)-[:Q189]->(?v1)  RETURN * LIMIT 2280000000	68	OK	30	4172708
'MATCH (?v1)-[:Q189]->(?v0), (?v1)-[:Q1107]->(Q195613)  RETURN * LIMIT 2280000000	170	OK	15	4172708
'MATCH (?v1)-[:Q12]->(Q76271), (?v1)-[:Q44]->(?v0)  RETURN * LIMIT 2280000000	4280	OK	67	4172708
'MATCH (?v0)-[:Q412]->(?v1), (?v0)-[:Q359]->(?v2)  RETURN * LIMIT 2280000000	67706	OK	331	4172708
'MATCH (?v0)-[:Q2831]->(?v1), (?v0)-[:Q606]->(?v2)  RETURN * LIMIT 2280000000	166638673	OK	118631	4172708
'MATCH (?v0)-[:Q159]->(Q1705), (?v1)-[:Q289]->(?v0)  RETURN * LIMIT 2280000000	60571	OK	139	4172708
'MATCH (?v0)-[:Q6]->(?v2), (?v2)-[:Q76]->(?v1)  RETURN * LIMIT 2280000000	626020	OK	2350	4172708
'MATCH (?v1)-[:Q189]->(?v2), (?v1)-[:?v0]->(?v3)  RETURN * LIMIT 2280000000	45751749	OK	51933	4172708
'MATCH (?v1)-[:Q159]->(Q977), (?v1)-[:Q35]->(?v0)  RETURN * LIMIT 2280000000	76232	OK	264	4172708
'MATCH (?v0)-[:Q196]->(?v2), (?v2)-[:Q12]->(?v1)  RETURN * LIMIT 2280000000	1259491	OK	1034	4172708
'MATCH (?v1)-[:?v0]->(Q4556841), (?v1)-[:?v2]->(?v3)  RETURN * LIMIT 2280000000	595	OK	11	4172708
'MATCH (?v1)-[:Q442]->(?v0), (?v1)-[:Q12]->(Q56587)  RETURN * LIMIT 2280000000	57370	OK	202	4172708
'MATCH (?v1)-[:Q12]->(Q55129), (?v1)-[:Q44]->(?v0)  RETURN * LIMIT 2280000000	302	OK	17	4172708
'MATCH (?v0)-[:Q205]->(?v1), (?v0)-[:Q1344]->(?v2)  RETURN * LIMIT 2280000000	286237	OK	542	4172708
'MATCH (?v0)-[:Q1046]->(?v1), (?v0)-[:Q1046]->(?v2)  RETURN * LIMIT 2280000000	11945	OK	35	4172708
'MATCH (?v0)-[:Q3867]->(?v2), (?v0)-[:Q606]->(?v1)  RETURN * LIMIT 2280000000	14876012	OK	24827	4172708
'MATCH (?v1)-[:Q12]->(Q428), (?v1)-[:Q1107]->(?v0)  RETURN * LIMIT 2280000000	1136091	OK	1246	4172708
'MATCH (?v1)-[:Q159]->(Q306714), (?v1)-[:Q12]->(?v0)  RETURN * LIMIT 2280000000	260	OK	13	4172708
'MATCH (?v1)-[:Q189]->(?v0), (?v1)-[:Q12]->(Q1634)  RETURN * LIMIT 2280000000	34	OK	13	4172708
'MATCH (?v1)-[:Q159]->(Q153), (?v1)-[:Q12]->(?v0)  RETURN * LIMIT 2280000000	1076560	OK	2289	4172708
'MATCH (?v0)-[:Q1300]->(?v1), (?v0)-[:Q159]->(?v2)  RETURN * LIMIT 2280000000	47005	OK	263	4172708
'MATCH (?v1)-[:Q159]->(Q1691), (?v1)-[:Q35]->(?v0)  RETURN * LIMIT 2280000000	268369	OK	636	4172708
'MATCH (?v1)-[:Q241]->(?v0), (?v1)-[:Q305]->(Q374602)  RETURN * LIMIT 2280000000	0	OK	12	4172708
'MATCH (?v2)-[:Q11]->(?v1), (?v2)-[:?v0]->(?v1)  RETURN * LIMIT 2280000000	193726	OK	1522	4172708
'MATCH (?v1)-[:Q201]->(Q8024), (?v1)-[:Q208]->(?v0)  RETURN * LIMIT 2280000000	541406	OK	1205	4172708
'MATCH (?v0)-[:Q205]->(?v2), (?v0)-[:Q218]->(?v1)  RETURN * LIMIT 2280000000	2305954	OK	3998	4172708
'MATCH (?v0)-[:Q889]->(?v1), (?v0)-[:Q4661]->(?v2)  RETURN * LIMIT 2280000000	4431877	OK	9370	4172708
'MATCH (?v1)-[:Q1473]->(Q1037522), (?v1)-[:?v2]->(?v0)  RETURN * LIMIT 2280000000	32870	OK	48	4172708
'MATCH (?v0)-[:Q12]->(?v1), (?v0)-[:Q4660]->(?v2)  RETURN * LIMIT 2280000000	17470183	OK	29256	4172708
'MATCH (?v1)-[:Q12]->(Q18959), (?v1)-[:?v2]->(?v0)  RETURN * LIMIT 2280000000	2543529	OK	2031	4172708
'MATCH (?v0)-[:Q205]->(?v1), (?v0)-[:Q218]->(?v2)  RETURN * LIMIT 2280000000	2305954	OK	3851	4172708
'MATCH (?v1)-[:Q205]->(Q1738), (?v1)-[:Q218]->(?v0)  RETURN * LIMIT 2280000000	39523	OK	119	4172708
'MATCH (?v1)-[:Q949]->(?v2), (?v1)-[:?v0]->(?v3)  RETURN * LIMIT 2280000000	13361139	OK	17681	4172708
'MATCH (?v0)-[:Q1]->(?v1)  RETURN * LIMIT 2280000000	105901917	OK	30000	4172708
'MATCH (?v1)-[:?v0]->(?v2)  RETURN * LIMIT 2280000000	958844165	OK	466139	4172708
'MATCH (?v0)-[:Q12]->(?v1)  RETURN * LIMIT 2280000000	49516226	OK	18960	4172708
'MATCH (?v0)-[:Q196]->(?v1)  RETURN * LIMIT 2280000000	2024347	OK	944	4172708
'MATCH (?v0)-[:Q208]->(?v1)  RETURN * LIMIT 2280000000	3295655	OK	1644	4172708
'MATCH (?v0)-[:Q31]->(?v1)  RETURN * LIMIT 2280000000	1016291	OK	439	4172708
'MATCH (Q3683622)-[:?v0]->(?v1)  RETURN * LIMIT 2280000000	23	OK	10	4172708
'MATCH (?v0)-[:Q656]->(?v1)  RETURN * LIMIT 2280000000	5938	OK	15	4172708
'MATCH (?v0)-[:Q66]->(?v1)  RETURN * LIMIT 2280000000	414046	OK	243	4172708
'MATCH (Q44596)-[:?v0]->(?v1)  RETURN * LIMIT 2280000000	56	OK	8	4172708
'MATCH (?v0)-[:Q35]->(?v1)  RETURN * LIMIT 2280000000	7050143	OK	3651	4172708
'MATCH (?v0)-[:Q2831]->(?v1)  RETURN * LIMIT 2280000000	166682725	OK	79255	4172708
'MATCH (?v0)-[:Q7]->(?v1)  RETURN * LIMIT 2280000000	53883271	OK	19483	4172708
'MATCH (?v0)-[:Q206]->(?v1)  RETURN * LIMIT 2280000000	4596658	OK	2119	4172708
'MATCH (?v0)-[:Q159]->(?v1)  RETURN * LIMIT 2280000000	10089284	OK	4252	4172708
'MATCH (?v0)-[:Q2670]->(?v1)  RETURN * LIMIT 2280000000	78222147	OK	37741	4172708
'MATCH (?v0)-[:?v1]->(Q127309009)  RETURN * LIMIT 2280000000	2	OK	8	4172708
'MATCH (?v0)-[:Q609]->(?v1)  RETURN * LIMIT 2280000000	5267	OK	13	4172708
'MATCH (?v0)-[:Q845]->(?v1)  RETURN * LIMIT 2280000000	23387	OK	27	4172708
'MATCH (?v0)-[:Q6]->(?v1)  RETURN * LIMIT 2280000000	53883271	OK	24204	4172708
'MATCH (?v0)-[:Q310]->(?v1)  RETURN * LIMIT 2280000000	311464	OK	123	4172708
'MATCH (?v0)-[:Q212]->(?v1)  RETURN * LIMIT 2280000000	569346	OK	282	4172708
'MATCH (?v0)-[:Q646]->(?v1)  RETURN * LIMIT 2280000000	11750	OK	19	4172708
'MATCH (?v0)-[:Q218]->(?v1)  RETURN * LIMIT 2280000000	2980035	OK	1375	4172708
'MATCH (?v0)-[:Q38]->(?v1)  RETURN * LIMIT 2280000000	1323002	OK	691	4172708
'MATCH (?v0)-[:Q201]->(?v1)  RETURN * LIMIT 2280000000	3975887	OK	1771	4172708
'MATCH (?v0)-[:Q189]->(?v1)  RETURN * LIMIT 2280000000	2674442	OK	1310	4172708
'MATCH (Q61625452)-[:?v0]->(?v1)  RETURN * LIMIT 2280000000	8	OK	9	4172708
'MATCH (?v0)-[:Q1348]->(?v1)  RETURN * LIMIT 2280000000	84996	OK	64	4172708
'MATCH (?v0)-[:Q28]->(?v1)  RETURN * LIMIT 2280000000	696532	OK	475	4172708
'MATCH (?v0)-[:Q412]->(?v1)  RETURN * LIMIT 2280000000	7259361	OK	3454	4172708
'MATCH (?v0)-[:Q4742]->(?v1)  RETURN * LIMIT 2280000000	15	OK	9	4172708
'MATCH (?v0)-[:Q811]->(?v1)  RETURN * LIMIT 2280000000	1644219	OK	745	4172708
'MATCH (?v0)-[:Q369]->(?v1)  RETURN * LIMIT 2280000000	137245	OK	101	4172708
'MATCH (?v0)-[:Q1738]->(?v1)  RETURN * LIMIT 2280000000	3033	OK	12	4172708
'MATCH (?v0)-[:Q533]->(?v1)  RETURN * LIMIT 2280000000	1599231	OK	701	4172708
'MATCH (?v0)-[:Q63]->(?v1)  RETURN * LIMIT 2280000000	3659334	OK	1948	4172708
'MATCH (?v0)-[:Q939]->(?v1)  RETURN * LIMIT 2280000000	3822987	OK	1813	4172708
'MATCH (?v0)-[:Q8]->(?v1)  RETURN * LIMIT 2280000000	39609445	OK	19153	4172708
'MATCH (?v0)-[:Q4]->(?v1)  RETURN * LIMIT 2280000000	53883532	OK	28622	4172708
'MATCH (?v0)-[:Q305]->(?v1)  RETURN * LIMIT 2280000000	949234	OK	389	4172708
'MATCH (?v0)-[:Q381]->(?v1)  RETURN * LIMIT 2280000000	3926322	OK	2241	4172708
'MATCH (?v0)-[:Q442]->(?v1)  RETURN * LIMIT 2280000000	2521730	OK	1148	4172708
'MATCH (?v0)-[:Q1539]->(?v1)  RETURN * LIMIT 2280000000	13161	OK	23	4172708
'MATCH (?v0)-[:Q3443]->(?v1)  RETURN * LIMIT 2280000000	761610	OK	451	4172708
'MATCH (?v0)-[:Q209]->(?v1)  RETURN * LIMIT 2280000000	1671263	OK	987	4172708
'MATCH (?v0)-[:Q199]->(?v1)  RETURN * LIMIT 2280000000	796428	OK	479	4172708
'MATCH (?v0)-[:Q210]->(?v1)  RETURN * LIMIT 2280000000	771676	OK	363	4172708
'MATCH (?v0)-[:Q1129]->(?v1)  RETURN * LIMIT 2280000000	480682	OK	269	4172708
'MATCH (Q695105)-[:?v0]->(?v1)  RETURN * LIMIT 2280000000	110	OK	8	4172708
'MATCH (?v0)-[:Q949]->(?v1)  RETURN * LIMIT 2280000000	1051344	OK	527	4172708
'MATCH (?v0)-[:Q353]->(?v1)  RETURN * LIMIT 2280000000	103432	OK	79	4172708
'MATCH (?v0)-[:?v1]->(Q24)  RETURN * LIMIT 2280000000	636892	OK	326	4172708
'MATCH (?v0)-[:Q528]->(?v1)  RETURN * LIMIT 2280000000	39264	OK	36	4172708
'MATCH (?v0)-[:Q289]->(?v1)  RETURN * LIMIT 2280000000	2097300	OK	1025	4172708
'MATCH (?v0)-[:Q708]->(?v1)  RETURN * LIMIT 2280000000	1033124	OK	515	4172708
'MATCH (?v0)-[:Q3867]->(?v1)  RETURN * LIMIT 2280000000	14895138	OK	8590	4172708
'MATCH (?v0)-[:Q45]->(?v1)  RETURN * LIMIT 2280000000	554525	OK	384	4172708
'MATCH (?v0)-[:Q397]->(?v1)  RETURN * LIMIT 2280000000	1164381	OK	544	4172708
'MATCH (?v0)-[:Q205]->(?v1)  RETURN * LIMIT 2280000000	3063058	OK	1519	4172708
'MATCH (?v0)-[:Q176]->(?v1)  RETURN * LIMIT 2280000000	1409679	OK	631	4172708
'MATCH (?v0)-[:Q272]->(?v1)  RETURN * LIMIT 2280000000	16912	OK	26	4172708
'MATCH (?v0)-[:Q1639]->(?v1)  RETURN * LIMIT 2280000000	4293	OK	13	4172708
'MATCH (?v0)-[:Q270]->(?v1)  RETURN * LIMIT 2280000000	323065	OK	185	4172708
'MATCH (?v0)-[:Q14]->(?v1)  RETURN * LIMIT 2280000000	76405	OK	57	4172708
'MATCH (?v0)-[:Q1141]->(?v1)  RETURN * LIMIT 2280000000	202527	OK	123	4172708
'MATCH (?v0)-[:?v1]->(Q428)  RETURN * LIMIT 2280000000	5008960	OK	2251	4172708
'MATCH (?v0)-[:Q56]->(?v1)  RETURN * LIMIT 2280000000	1265322	OK	767	4172708
'MATCH (?v0)-[:?v1]->(Q2908524)  RETURN * LIMIT 2280000000	22	OK	9	4172708
'MATCH (?v0)-[:Q352]->(?v1)  RETURN * LIMIT 2280000000	70352	OK	74	4172708
'MATCH (?v0)-[:Q338]->(?v1)  RETURN * LIMIT 2280000000	783309	OK	430	4172708
'MATCH (?v0)-[:Q448]->(?v1)  RETURN * LIMIT 2280000000	1375583	OK	916	4172708
'MATCH (?v0)-[:Q184]->(?v1)  RETURN * LIMIT 2280000000	433028	OK	322	4172708
'MATCH (?v0)-[:Q27]->(?v1)  RETURN * LIMIT 2280000000	2484925	OK	1276	4172708
'MATCH (?v0)-[:Q144]->(?v1)  RETURN * LIMIT 2280000000	16588	OK	23	4172708
'MATCH (?v0)-[:Q207]->(?v1)  RETURN * LIMIT 2280000000	1029704	OK	507	4172708
'MATCH (?v0)-[:Q309]->(?v1)  RETURN * LIMIT 2280000000	306780	OK	160	4172708
'MATCH (?v0)-[:Q115]->(?v1)  RETURN * LIMIT 2280000000	4783	OK	13	4172708
'MATCH (?v0)-[:Q4372]->(?v1)  RETURN * LIMIT 2280000000	413	OK	9	4172708
'MATCH (?v0)-[:Q1135]->(?v1)  RETURN * LIMIT 2280000000	102306	OK	65	4172708
'MATCH (?v0)-[:Q257]->(?v1)  RETURN * LIMIT 2280000000	53142	OK	55	4172708
'MATCH (?v0)-[:?v1]->(Q10961)  RETURN * LIMIT 2280000000	1286292	OK	579	4172708
'MATCH (?v0)-[:Q221]->(?v1)  RETURN * LIMIT 2280000000	1225909	OK	751	4172708
'MATCH (?v0)-[:Q683]->(?v1)  RETURN * LIMIT 2280000000	73132	OK	49	4172708
'MATCH (?v0)-[:Q4660]->(?v1)  RETURN * LIMIT 2280000000	17457608	OK	10550	4172708
'MATCH (?v0)-[:Q200]->(?v1)  RETURN * LIMIT 2280000000	105493	OK	69	4172708
'MATCH (?v0)-[:Q16]->(?v1)  RETURN * LIMIT 2280000000	6550	OK	16	4172708
'MATCH (?v0)-[:Q795]->(?v1)  RETURN * LIMIT 2280000000	9419	OK	17	4172708
'MATCH (?v0)-[:Q796]->(?v1)  RETURN * LIMIT 2280000000	16172	OK	25	4172708
'MATCH (?v0)-[:Q1342]->(?v1)  RETURN * LIMIT 2280000000	30452	OK	36	4172708
'MATCH (?v0)-[:Q361]->(?v1)  RETURN * LIMIT 2280000000	149063	OK	90	4172708
'MATCH (Q4902)-[:?v0]->(?v1)  RETURN * LIMIT 2280000000	104	OK	9	4172708
'MATCH (?v0)-[:Q175]->(?v1)  RETURN * LIMIT 2280000000	377209	OK	208	4172708
'MATCH (?v0)-[:Q965]->(?v1)  RETURN * LIMIT 2280000000	45953	OK	40	4172708
'MATCH (?v0)-[:Q1618]->(?v1)  RETURN * LIMIT 2280000000	405	OK	10	4172708
'MATCH (?v0)-[:Q529]->(?v1)  RETURN * LIMIT 2280000000	1057461	OK	557	4172708
'MATCH (?v0)-[:Q602]->(?v1)  RETURN * LIMIT 2280000000	247949	OK	140	4172708
'MATCH (?v0)-[:Q390]->(?v1)  RETURN * LIMIT 2280000000	446067	OK	222	4172708
'MATCH (?v0)-[:Q15]->(?v1)  RETURN * LIMIT 2280000000	499741	OK	246	4172708
'MATCH (?v0)-[:Q269]->(?v1)  RETURN * LIMIT 2280000000	24268	OK	35	4172708
'MATCH (Q7411565)-[:?v0]->(?v1)  RETURN * LIMIT 2280000000	13	OK	6	4172708
'MATCH (Q174954550)-[:?v0]->(?v1)  RETURN * LIMIT 2280000000	24	OK	9	4172708
'MATCH (Q235881604)-[:?v0]->(?v1)  RETURN * LIMIT 2280000000	11	OK	6	4172708
'MATCH (?v0)-[:Q19]->(?v1)  RETURN * LIMIT 2280000000	34595	OK	38	4172708
'MATCH (Q4429245)-[:?v0]->(?v1)  RETURN * LIMIT 2280000000	71	OK	10	4172708
'MATCH (?v0)-[:Q21]->(?v1)  RETURN * LIMIT 2280000000	98563	OK	86	4172708
'MATCH (?v0)-[:Q443]->(?v1)  RETURN * LIMIT 2280000000	2520538	OK	1131	4172708
'MATCH (Q8783711)-[:?v0]->(?v1)  RETURN * LIMIT 2280000000	28	OK	9	4172708
'MATCH (?v0)-[:Q202]->(?v1)  RETURN * LIMIT 2280000000	13030	OK	26	4172708
'MATCH (?v0)-[:Q313]->(?v1)  RETURN * LIMIT 2280000000	576315	OK	382	4172708
'MATCH (Q55058867)-[:?v0]->(?v1)  RETURN * LIMIT 2280000000	16	OK	10	4172708
'MATCH (Q94692099)-[:?v0]->(?v1)  RETURN * LIMIT 2280000000	16	OK	9	4172708
'MATCH (Q171725579)-[:?v0]->(?v1)  RETURN * LIMIT 2280000000	12	OK	10	4172708
'MATCH (?v0)-[:Q460]->(?v1)  RETURN * LIMIT 2280000000	528465	OK	374	4172708
'MATCH (?v0)-[:Q606]->(?v1)  RETURN * LIMIT 2280000000	19961090	OK	7461	4172708
'MATCH (?v0)-[:Q1491]->(?v1)  RETURN * LIMIT 2280000000	3081	OK	15	4172708
'MATCH (?v0)-[:Q1976]->(?v1)  RETURN * LIMIT 2280000000	1607	OK	11	4172708
'MATCH (?v0)-[:Q265]->(?v1)  RETURN * LIMIT 2280000000	680052	OK	340	4172708
'MATCH (?v0)-[:Q687]->(?v1)  RETURN * LIMIT 2280000000	141984	OK	100	4172708
'MATCH (?v0)-[:Q1778]->(?v1)  RETURN * LIMIT 2280000000	2006726	OK	1142	4172708
'MATCH (?v0)-[:Q727]->(?v1)  RETURN * LIMIT 2280000000	179630	OK	132	4172708
'MATCH (Q2310)-[:?v0]->(?v1)  RETURN * LIMIT 2280000000	124	OK	9	4172708
'MATCH (?v0)-[:Q1354]->(?v1)  RETURN * LIMIT 2280000000	1655	OK	10	4172708
'MATCH (?v0)-[:Q841]->(?v1)  RETURN * LIMIT 2280000000	150113	OK	87	4172708
'MATCH (?v0)-[:Q1619]->(?v1)  RETURN * LIMIT 2280000000	19430075	OK	8267	4172708
'MATCH (?v0)-[:Q586]->(?v1)  RETURN * LIMIT 2280000000	970133	OK	504	4172708
'MATCH (?v0)-[:Q4661]->(?v1)  RETURN * LIMIT 2280000000	4434689	OK	2811	4172708
'MATCH (?v0)-[:Q2172]->(?v1)  RETURN * LIMIT 2280000000	41031	OK	43	4172708
'MATCH (?v0)-[:?v1]->(Q2507040)  RETURN * LIMIT 2280000000	19069160	OK	7689	4172708
'MATCH (?v0)-[:Q889]->(?v1)  RETURN * LIMIT 2280000000	19341438	OK	9117	4172708
'MATCH (?v0)-[:Q11]->(?v1)  RETURN * LIMIT 2280000000	172137	OK	133	4172708
'MATCH (?v0)-[:Q569]->(?v1)  RETURN * LIMIT 2280000000	61525	OK	45	4172708
'MATCH (?v0)-[:Q375]->(?v1)  RETURN * LIMIT 2280000000	1670326	OK	737	4172708
'MATCH (?v0)-[:?v1]->(Q153)  RETURN * LIMIT 2280000000	1713264	OK	864	4172708
'MATCH (?v0)-[:Q685]->(?v1)  RETURN * LIMIT 2280000000	266176	OK	143	4172708
'MATCH (?v0)-[:Q444]->(?v1)  RETURN * LIMIT 2280000000	2526106	OK	1157	4172708
'MATCH (?v0)-[:Q105]->(?v1)  RETURN * LIMIT 2280000000	7171	OK	18	4172708
'MATCH (?v0)-[:Q507]->(?v1)  RETURN * LIMIT 2280000000	234699	OK	134	4172708
'MATCH (?v0)-[:Q73]->(?v1)  RETURN * LIMIT 2280000000	1466	OK	10	4172708
'MATCH (?v0)-[:Q282]->(?v1)  RETURN * LIMIT 2280000000	411313	OK	239	4172708
'MATCH (?v0)-[:Q130]->(?v1)  RETURN * LIMIT 2280000000	70346	OK	50	4172708
'MATCH (?v0)-[:Q1912]->(?v1)  RETURN * LIMIT 2280000000	11196	OK	20	4172708
'MATCH (?v0)-[:Q363]->(?v1)  RETURN * LIMIT 2280000000	30306	OK	34	4172708
'MATCH (Q1634)-[:?v0]->(?v1)  RETURN * LIMIT 2280000000	62	OK	8	4172708
'MATCH (?v0)-[:?v1]->(Q3713354)  RETURN * LIMIT 2280000000	82	OK	6	4172708
'MATCH (?v0)-[:Q809]->(?v1)  RETURN * LIMIT 2280000000	43652	OK	37	4172708
'MATCH (?v0)-[:Q87]->(?v1)  RETURN * LIMIT 2280000000	693	OK	7	4172708
'MATCH (?v0)-[:Q612]->(?v1)  RETURN * LIMIT 2280000000	77287	OK	68	4172708
'MATCH (?v0)-[:Q1220]->(?v1)  RETURN * LIMIT 2280000000	15531	OK	22	4172708
'MATCH (?v0)-[:Q453]->(?v1)  RETURN * LIMIT 2280000000	2068494	OK	1356	4172708
'MATCH (?v0)-[:Q729]->(?v1)  RETURN * LIMIT 2280000000	88403	OK	77	4172708
'MATCH (?v0)-[:Q3609]->(?v1)  RETURN * LIMIT 2280000000	3065	OK	14	4172708
'MATCH (?v0)-[:Q23]->(?v1)  RETURN * LIMIT 2280000000	260	OK	6	4172708
'MATCH (?v0)-[:?v1]->(Q55486)  RETURN * LIMIT 2280000000	176	OK	9	4172708
'MATCH (?v0)-[:Q1885]->(?v1)  RETURN * LIMIT 2280000000	15109	OK	30	4172708
'MATCH (?v0)-[:Q76]->(?v1)  RETURN * LIMIT 2280000000	626020	OK	356	4172708
'MATCH (?v0)-[:Q1255]->(?v1)  RETURN * LIMIT 2280000000	574760	OK	327	4172708
'MATCH (?v0)-[:Q224]->(?v1)  RETURN * LIMIT 2280000000	69469	OK	53	4172708
'MATCH (?v0)-[:Q2810]->(?v1)  RETURN * LIMIT 2280000000	582	OK	10	4172708
'MATCH (Q57972320)-[:?v0]->(?v1)  RETURN * LIMIT 2280000000	27	OK	9	4172708
'MATCH (?v0)-[:?v1]->(Q22)  RETURN * LIMIT 2280000000	805784	OK	421	4172708
'MATCH (?v0)-[:Q494]->(?v1)  RETURN * LIMIT 2280000000	866243	OK	451	4172708
'MATCH (?v0)-[:Q576]->(?v1)  RETURN * LIMIT 2280000000	1491	OK	11	4172708
'MATCH (?v0)-[:?v1]->(Q1738)  RETURN * LIMIT 2280000000	158454	OK	96	4172708
'MATCH (?v0)-[:Q44]->(?v1)  RETURN * LIMIT 2280000000	933981	OK	493	4172708
'MATCH (?v0)-[:Q1066]->(?v1)  RETURN * LIMIT 2280000000	10817	OK	19	4172708
'MATCH (?v0)-[:Q1158]->(?v1)  RETURN * LIMIT 2280000000	2485	OK	9	4172708
'MATCH (Q191972)-[:?v0]->(?v1)  RETURN * LIMIT 2280000000	154	OK	7	4172708
'MATCH (?v0)-[:Q303]->(?v1)  RETURN * LIMIT 2280000000	184377	OK	122	4172708
'MATCH (?v0)-[:Q1010]->(?v1)  RETURN * LIMIT 2280000000	4669	OK	15	4172708
'MATCH (?v0)-[:Q197]->(?v1)  RETURN * LIMIT 2280000000	84900	OK	61	4172708
'MATCH (?v0)-[:Q629]->(?v1)  RETURN * LIMIT 2280000000	12586	OK	24	4172708
'MATCH (?v0)-[:Q672]->(?v1)  RETURN * LIMIT 2280000000	281719	OK	162	4172708
'MATCH (?v0)-[:Q62]->(?v1)  RETURN * LIMIT 2280000000	1243181	OK	724	4172708
'MATCH (?v0)-[:Q1259]->(?v1)  RETURN * LIMIT 2280000000	3320	OK	13	4172708
'MATCH (?v0)-[:Q42]->(?v1)  RETURN * LIMIT 2280000000	3991	OK	15	4172708
'MATCH (?v0)-[:Q82]->(?v1)  RETURN * LIMIT 2280000000	382	OK	7	4172708
'MATCH (?v0)-[:?v1]->(Q18780)  RETURN * LIMIT 2280000000	24111	OK	31	4172712
'MATCH (?v0)-[:Q2652]->(?v1)  RETURN * LIMIT 2280000000	10279	OK	20	4172712
'MATCH (?v0)-[:Q385]->(?v1)  RETURN * LIMIT 2280000000	94526	OK	77	4172712
'MATCH (Q4866123)-[:?v0]->(?v1)  RETURN * LIMIT 2280000000	45	OK	8	4172712
'MATCH (?v0)-[:Q2344]->(?v1)  RETURN * LIMIT 2280000000	538470	OK	265	4172712
'MATCH (Q69690469)-[:?v0]->(?v1)  RETURN * LIMIT 2280000000	6	OK	10	4172712
'MATCH (?v0)-[:Q276]->(?v1)  RETURN * LIMIT 2280000000	99151	OK	107	4172712
'MATCH (?v0)-[:Q1065]->(?v1)  RETURN * LIMIT 2280000000	3903	OK	14	4172712
'MATCH (?v0)-[:Q3788]->(?v1)  RETURN * LIMIT 2280000000	150737	OK	86	4172712
'MATCH (?v0)-[:Q2175]->(?v1)  RETURN * LIMIT 2280000000	1493105	OK	678	4172712
'MATCH (?v0)-[:Q671]->(?v1)  RETURN * LIMIT 2280000000	133197	OK	101	4172712
'MATCH (?v0)-[:?v1]->(Q27195)  RETURN * LIMIT 2280000000	13861	OK	23	4172712
'MATCH (?v0)-[:Q673]->(?v1)  RETURN * LIMIT 2280000000	11054	OK	24	4172712
'MATCH (?v0)-[:Q234]->(?v1)  RETURN * LIMIT 2280000000	33970	OK	47	4172712
'MATCH (Q18742789)-[:?v0]->(?v1)  RETURN * LIMIT 2280000000	10	OK	7	4172712
'MATCH (?v0)-[:Q1226]->(?v1)  RETURN * LIMIT 2280000000	3470	OK	14	4172712
'MATCH (?v0)-[:Q241]->(?v1)  RETURN * LIMIT 2280000000	47014	OK	45	4172712
'MATCH (?v0)-[:Q131]->(?v1)  RETURN * LIMIT 2280000000	16941	OK	30	4172712
'MATCH (?v0)-[:Q810]->(?v1)  RETURN * LIMIT 2280000000	623	OK	10	4172712
'MATCH (?v0)-[:Q2322]->(?v1)  RETURN * LIMIT 2280000000	444	OK	5	4172712
'MATCH (?v0)-[:Q577]->(?v1)  RETURN * LIMIT 2280000000	11019	OK	23	4172712
'MATCH (?v0)-[:Q948]->(?v1)  RETURN * LIMIT 2280000000	981	OK	10	4172712
'MATCH (?v0)-[:Q404]->(?v1)  RETURN * LIMIT 2280000000	75520	OK	56	4172712
'MATCH (?v0)-[:Q358]->(?v1)  RETURN * LIMIT 2280000000	26744	OK	31	4172712
'MATCH (?v0)-[:Q483]->(?v1)  RETURN * LIMIT 2280000000	7832	OK	14	4172712
'MATCH (?v0)-[:Q148]->(?v1)  RETURN * LIMIT 2280000000	59538	OK	50	4172712
'MATCH (?v0)-[:Q1275]->(?v1)  RETURN * LIMIT 2280000000	9766	OK	21	4172712
'MATCH (?v0)-[:Q3744]->(?v1)  RETURN * LIMIT 2280000000	18499841	OK	9604	4172712
'MATCH (?v0)-[:Q2209]->(?v1)  RETURN * LIMIT 2280000000	396347	OK	243	4172712
'MATCH (?v0)-[:Q394]->(?v1)  RETURN * LIMIT 2280000000	525375	OK	337	4172712
'MATCH (?v0)-[:Q439]->(?v1)  RETURN * LIMIT 2280000000	518859	OK	281	4172712
'MATCH (?v0)-[:Q52]->(?v1)  RETURN * LIMIT 2280000000	1832505	OK	807	4172712
'MATCH (?v0)-[:Q3936]->(?v1)  RETURN * LIMIT 2280000000	16611881	OK	7029	4172712
'MATCH (?v0)-[:Q1402]->(?v1)  RETURN * LIMIT 2280000000	742859	OK	308	4172712
'MATCH (?v0)-[:Q2351]->(?v1)  RETURN * LIMIT 2280000000	742048	OK	334	4172712
'MATCH (?v0)-[:Q3450]->(?v1)  RETURN * LIMIT 2280000000	558667	OK	250	4172712
'MATCH (?v0)-[:Q2347]->(?v1)  RETURN * LIMIT 2280000000	561776	OK	242	4172712
'MATCH (?v0)-[:Q2466]->(?v1)  RETURN * LIMIT 2280000000	1008	OK	10	4172712
'MATCH (?v0)-[:Q658]->(?v1)  RETURN * LIMIT 2280000000	839242	OK	451	4172712
'MATCH (?v0)-[:Q1473]->(?v1)  RETURN * LIMIT 2280000000	469088	OK	212	4172712
'MATCH (?v0)-[:Q842]->(?v1)  RETURN * LIMIT 2280000000	152169	OK	83	4172712
'MATCH (?v0)-[:Q1107]->(?v1)  RETURN * LIMIT 2280000000	1136249	OK	554	4172712
'MATCH (?v0)-[:Q3446]->(?v1)  RETURN * LIMIT 2280000000	620266	OK	280	4172712
'MATCH (?v0)-[:Q2348]->(?v1)  RETURN * LIMIT 2280000000	993367	OK	434	4172712
'MATCH (?v0)-[:Q2350]->(?v1)  RETURN * LIMIT 2280000000	997151	OK	437	4172712
'MATCH (?v0)-[:Q3951]->(?v1)  RETURN * LIMIT 2280000000	509535	OK	251	4172712
'MATCH (Q45136)-[:?v0]->(?v1)  RETURN * LIMIT 2280000000	100	OK	8	4172712
'MATCH (?v0)-[:Q3403]->(?v1)  RETURN * LIMIT 2280000000	31322	OK	34	4172712
'MATCH (?v0)-[:Q757]->(?v1)  RETURN * LIMIT 2280000000	30290	OK	37	4172712
'MATCH (?v0)-[:Q3935]->(?v1)  RETURN * LIMIT 2280000000	18421701	OK	7659	4172712
'MATCH (?v0)-[:Q206]->(Q4165), (?v0)-[:Q289]->(Q149323), (?v0)-[:Q205]->(Q155), (?v0)-[:Q12]->(Q428)  RETURN * LIMIT 2280000000	1	OK	38	4172728
'MATCH (?v0)-[:Q206]->(Q16044), (?v0)-[:Q201]->(Q373), (?v0)-[:Q205]->(Q153), (?v0)-[:Q12]->(Q428)  RETURN * LIMIT 2280000000	4654	OK	708	4172728
'MATCH (?v0)-[:Q206]->(Q10819), (?v0)-[:Q206]->(Q5310), (?v0)-[:Q203]->(Q245242), (?v0)-[:Q204]->(Q50580105)  RETURN * LIMIT 2280000000	2	OK	28	4172728
'MATCH (?v0)-[:Q206]->(Q12436), (?v0)-[:Q304]->(Q334350), (?v0)-[:Q201]->(Q8024)  RETURN * LIMIT 2280000000	113	OK	32	4172728
'MATCH (?v0)-[:Q206]->(Q378), (?v0)-[:Q201]->(Q8024), (?v0)-[:Q205]->(Q1749)  RETURN * LIMIT 2280000000	73	OK	40	4172728
'MATCH (?v0)-[:Q206]->(Q16044), (?v0)-[:Q201]->(Q373), (?v0)-[:Q205]->(Q1683)  RETURN * LIMIT 2280000000	647	OK	28	4172728
'MATCH (?v0)-[:Q201]->(Q373), (?v0)-[:Q205]->(Q153), (?v0)-[:Q12]->(Q428)  RETURN * LIMIT 2280000000	302342	OK	852	4172728
'MATCH (?v0)-[:Q201]->(Q373), (?v0)-[:Q205]->(Q22), (?v0)-[:Q12]->(Q428)  RETURN * LIMIT 2280000000	188093	OK	431	4172728
'MATCH (?v0)-[:Q201]->(Q8024), (?v0)-[:Q205]->(Q153), (?v0)-[:Q12]->(Q428)  RETURN * LIMIT 2280000000	71820	OK	279	4172728
'MATCH (?v0)-[:Q12]->(Q735770), (?v0)-[:Q375]->(Q2729), (?v0)-[:Q381]->(Q14851666)  RETURN * LIMIT 2280000000	459	OK	104	4172728
'MATCH (?v0)-[:Q201]->(Q8024), (?v0)-[:Q205]->(Q1683), (?v0)-[:Q12]->(Q428)  RETURN * LIMIT 2280000000	670	OK	20	4172728
'MATCH (?v0)-[:Q206]->(Q5157), (?v0)-[:Q201]->(Q203425822), (?v0)-[:Q12]->(Q428)  RETURN * LIMIT 2280000000	0	OK	6	4172728
'MATCH (?v0)-[:Q206]->(Q5157), (?v0)-[:Q201]->(Q8024), (?v0)-[:Q12]->(Q428)  RETURN * LIMIT 2280000000	3421	OK	64	4172728
'MATCH (?v0)-[:Q205]->(Q9), (?v0)-[:Q12]->(Q428)  RETURN * LIMIT 2280000000	39231	OK	190	4172728
'MATCH (?v0)-[:Q12]->(Q3993), (?v0)-[:Q381]->(Q14809646)  RETURN * LIMIT 2280000000	137	OK	11	4172728
'MATCH (?v0)-[:Q159]->(Q144), (?v0)-[:Q12]->(Q9113)  RETURN * LIMIT 2280000000	6115	OK	132	4172728
'MATCH (?v0)-[:Q159]->(Q1743), (?v0)-[:Q12]->(Q2830720)  RETURN * LIMIT 2280000000	5386	OK	42	4172728
'MATCH (?v0)-[:Q203]->(Q245242), (?v0)-[:Q204]->(Q50580105)  RETURN * LIMIT 2280000000	7	OK	9	4172728
'MATCH (?v0)-[:Q159]->(Q22), (?v0)-[:Q12]->(Q54662)  RETURN * LIMIT 2280000000	20	OK	12	4172728
'MATCH (?v0)-[:Q205]->(Q143), (?v0)-[:Q12]->(Q428)  RETURN * LIMIT 2280000000	67340	OK	171	4172728
'MATCH (?v0)-[:Q159]->(Q153), (?v0)-[:Q12]->(Q94416)  RETURN * LIMIT 2280000000	13271	OK	74	4172728
'MATCH (?v0)-[:Q210]->(Q148915), (?v0)-[:Q12]->(Q49260)  RETURN * LIMIT 2280000000	0	OK	10	4172728
'MATCH (?v0)-[:Q586]->(Q148915), (?v0)-[:Q12]->(Q49260)  RETURN * LIMIT 2280000000	2	OK	10	4172728
'MATCH (?v0)-[:Q205]->(Q22), (?v0)-[:Q12]->(Q428)  RETURN * LIMIT 2280000000	224218	OK	414	4172728
'MATCH (?v0)-[:Q201]->(Q8024), (?v0)-[:Q305]->(Q151262)  RETURN * LIMIT 2280000000	31	OK	12	4172728
'MATCH (?v0)-[:Q159]->(Q24), (?v0)-[:Q12]->(Q6499)  RETURN * LIMIT 2280000000	33	OK	50	4172728
'MATCH (?v0)-[:Q201]->(Q373), (?v0)-[:Q12]->(Q428)  RETURN * LIMIT 2280000000	3200584	OK	4239	4172728
'MATCH (?v0)-[:Q159]->(Q895), (?v0)-[:Q12]->(Q27126)  RETURN * LIMIT 2280000000	1964	OK	129	4172728
'MATCH (?v0)-[:Q205]->(Q1743), (?v0)-[:Q12]->(Q428)  RETURN * LIMIT 2280000000	17285	OK	81	4172728
'MATCH (?v0)-[:Q205]->(Q24), (?v0)-[:Q12]->(Q428)  RETURN * LIMIT 2280000000	166950	OK	404	4172728
'MATCH (?v0)-[:Q206]->(Q35589), (?v0)-[:Q201]->(Q8024)  RETURN * LIMIT 2280000000	1274	OK	45	4172728
'MATCH (?v0)-[:Q205]->(Q895), (?v0)-[:Q12]->(Q428)  RETURN * LIMIT 2280000000	96310	OK	228	4172728
'MATCH (?v0)-[:Q1]->(Q30380), (?v0)-[:Q12]->(Q428)  RETURN * LIMIT 2280000000	203	OK	8	4172728
'MATCH (?v0)-[:Q159]->(Q137), (?v0)-[:Q12]->(Q2057689)  RETURN * LIMIT 2280000000	666	OK	22	4172728
'MATCH (?v0)-[:Q205]->(Q153), (?v0)-[:Q12]->(Q428)  RETURN * LIMIT 2280000000	375892	OK	686	4172728
'MATCH (?v0)-[:Q206]->(Q5308), (?v0)-[:Q12]->(Q428)  RETURN * LIMIT 2280000000	199734	OK	429	4172728
'MATCH (?v0)-[:Q159]->(Q2523), (?v0)-[:Q12]->(Q4315075)  RETURN * LIMIT 2280000000	107	OK	12	4172728
'MATCH (?v0)-[:Q390]->(Q2114524), (?v0)-[:Q12]->(Q97903)  RETURN * LIMIT 2280000000	1789	OK	13	4172728
'MATCH (?v0)-[:Q201]->(Q8024), (?v0)-[:Q12]->(Q428)  RETURN * LIMIT 2280000000	722671	OK	1263	4172728
'MATCH (?v0)-[:Q206]->(Q739), (?v0)-[:Q201]->(Q373)  RETURN * LIMIT 2280000000	149714	OK	414	4172728
'MATCH (?v0)-[:Q12]->(Q131874), (?v0)-[:Q381]->(Q14847629)  RETURN * LIMIT 2280000000	2120	OK	26	4172728
'MATCH (?v0)-[:Q12]->(Q131874), (?v0)-[:Q381]->(Q14854450)  RETURN * LIMIT 2280000000	258	OK	10	4172728
'MATCH (?v0)-[:Q206]->(Q151303), (?v0)-[:Q12]->(Q428)  RETURN * LIMIT 2280000000	11265	OK	51	4172728
'MATCH (?v0)-[:Q159]->(Q2109), (?v0)-[:Q12]->(Q22446)  RETURN * LIMIT 2280000000	51263	OK	140	4172728
'MATCH (?v0)-[:Q206]->(Q16044), (?v0)-[:Q12]->(Q428)  RETURN * LIMIT 2280000000	239493	OK	564	4172728
'MATCH (?v0)-[:Q201]->(Q373), (?v0)-[:Q205]->(Q153)  RETURN * LIMIT 2280000000	304018	OK	585	4172728
'MATCH (?v0)-[:Q196]->(Q1516232), (?v0)-[:Q196]->(Q1482662)  RETURN * LIMIT 2280000000	0	OK	8	4172728
'MATCH (?v0)-[:Q159]->(Q22), (?v0)-[:Q12]->(Q24455)  RETURN * LIMIT 2280000000	3207	OK	49	4172728
'MATCH (?v0)-[:Q412]->(Q1449838), (?v0)-[:Q12]->(Q340307)  RETURN * LIMIT 2280000000	36	OK	9	4172728
'MATCH (?v0)-[:Q412]->(Q315097), (?v0)-[:Q12]->(Q1226114)  RETURN * LIMIT 2280000000	32	OK	8	4172728
'MATCH (?v0)-[:Q338]->(Q248247), (?v0)-[:Q12]->(Q5881)  RETURN * LIMIT 2280000000	52	OK	12	4172728
'MATCH (?v0)-[:Q309]->(Q83645), (?v0)-[:Q12]->(Q22148)  RETURN * LIMIT 2280000000	15	OK	11	4172728
'MATCH (?v0)-[:Q926]->(Q10494), (?v0)-[:Q12]->(Q17491)  RETURN * LIMIT 2280000000	37	OK	9	4172728
'MATCH (?v0)-[:Q12]->(Q4902), (?v0)-[:Q705]->(Q526044)  RETURN * LIMIT 2280000000	35	OK	6	4172728
'MATCH (?v0)-[:Q12]->(Q22148), (?v0)-[:Q606]->(Q6602872)  RETURN * LIMIT 2280000000	0	OK	10	4172728
'MATCH (?v0)-[:Q205]->(Q153), (?v0)-[:Q212]->(Q12513)  RETURN * LIMIT 2280000000	116	OK	12	4172728
'MATCH (Q159401)-[:Q973]->(?v0), (?v0)-[:Q201]->(Q8024)  RETURN * LIMIT 2280000000	3	OK	8	4172728
'MATCH (?v0)-[:Q12]->(Q20030), (?v0)-[:Q176]->(Q42420578)  RETURN * LIMIT 2280000000	31	OK	11	4172728
'MATCH (?v0)-[:Q12]->(Q2507040), (?v0)-[:Q375]->(Q457)  RETURN * LIMIT 2280000000	745440	OK	2237	4172728
'MATCH (?v0)-[:Q443]->(Q1503), (?v0)-[:Q12]->(Q1505)  RETURN * LIMIT 2280000000	2082771	OK	2640	4172728
'MATCH (?v0)-[:Q201]->(Q8024), (?v0)-[:Q305]->(Q90507)  RETURN * LIMIT 2280000000	403	OK	24	4172728
'MATCH (?v0)-[:Q12]->(Q27224), (?v0)-[:Q1342]->(Q34128)  RETURN * LIMIT 2280000000	1301	OK	23	4172728
'MATCH (?v0)-[:Q159]->(Q969), (?v0)-[:Q12]->(Q24559)  RETURN * LIMIT 2280000000	5672	OK	91	4172728
'MATCH (?v0)-[:Q159]->(Q1709), (?v0)-[:Q12]->(Q95589)  RETURN * LIMIT 2280000000	372	OK	23	4172728
'MATCH (?v0)-[:Q159]->(Q977), (?v0)-[:Q12]->(Q1296218)  RETURN * LIMIT 2280000000	65	OK	14	4172728
'MATCH (?v0)-[:Q159]->(Q2504), (?v0)-[:Q12]->(Q411802)  RETURN * LIMIT 2280000000	282	OK	12	4172728
'MATCH (?v0)-[:Q811]->(Q302687), (?v0)-[:Q159]->(Q22)  RETURN * LIMIT 2280000000	4105	OK	43	4172728
'MATCH (?v0)-[:Q305]->(Q134606), (?v0)-[:Q305]->(Q125286)  RETURN * LIMIT 2280000000	11	OK	7	4172728
'MATCH (?v0)-[:Q12]->(Q4902), (?v0)-[:Q494]->(Q159)  RETURN * LIMIT 2280000000	731	OK	27	4172728
'MATCH (?v0)-[:Q586]->(Q698887), (?v0)-[:Q12]->(Q97903)  RETURN * LIMIT 2280000000	77	OK	10	4172728
'MATCH (?v0)-[:Q12]->(Q2507040), (?v0)-[:Q12]->(Q2507040)  RETURN * LIMIT 2280000000	19069110	OK	22558	4172728
'MATCH (?v0)-[:Q205]->(Q1662), (?v0)-[:Q12]->(Q428)  RETURN * LIMIT 2280000000	23634	OK	101	4172728
'MATCH (?v0)-[:Q12]->(Q16241), (?v0)-[:Q668]->(Q4500)  RETURN * LIMIT 2280000000	59	OK	8	4172728
'MATCH (?v0)-[:Q412]->(Q1767), (?v0)-[:Q12]->(Q76451)  RETURN * LIMIT 2280000000	50	OK	12	4172728
'MATCH (?v0)-[:Q12]->(Q52772), (?v0)-[:Q176]->(Q1028859)  RETURN * LIMIT 2280000000	63	OK	11	4172728
'MATCH (?v0)-[:Q668]->(Q4497), (?v0)-[:Q801]->(Q5464)  RETURN * LIMIT 2280000000	0	OK	5	4172728
'MATCH (?v0)-[:Q836]->(Q16241), (?v0)-[:Q668]->(Q4497)  RETURN * LIMIT 2280000000	0	OK	5	4172728
'MATCH (?v0)-[:Q12]->(Q94415)  RETURN * LIMIT 2280000000	184339	OK	85	4172728
'MATCH (?v0)-[:Q12]->(Q428)  RETURN * LIMIT 2280000000	4691808	OK	1504	4172728
'MATCH (?v0)-[:Q412]->(Q197392)  RETURN * LIMIT 2280000000	1399	OK	11	4172728
'MATCH (?v0)-[:Q12]->(Q269594054)  RETURN * LIMIT 2280000000	0	OK	6	4172728
'MATCH (?v0)-[:Q687]->(Q9150)  RETURN * LIMIT 2280000000	764	OK	10	4172728
'MATCH (?v0)-[:Q12]->(Q9113)  RETURN * LIMIT 2280000000	144264	OK	76	4172728
'MATCH (Q245242)-[:Q303]->(?v0)  RETURN * LIMIT 2280000000	20	OK	7	4172728
'MATCH (?v0)-[:Q206]->(Q1250951)  RETURN * LIMIT 2280000000	183	OK	6	4172728
'MATCH (?v0)-[:Q159]->(Q144)  RETURN * LIMIT 2280000000	230708	OK	94	4172728
'MATCH (?v0)-[:Q221]->(Q10006329)  RETURN * LIMIT 2280000000	54	OK	9	4172728
'MATCH (?v0)-[:Q12]->(Q2507040)  RETURN * LIMIT 2280000000	19069110	OK	5043	4172728
'MATCH (?v0)-[:Q12]->(Q12156)  RETURN * LIMIT 2280000000	4097222	OK	1277	4172728
'MATCH (?v0)-[:Q421]->(Q45134)  RETURN * LIMIT 2280000000	54	OK	8	4172728
'MATCH (?v0)-[:Q605]->(Q883)  RETURN * LIMIT 2280000000	0	OK	7	4172728
'MATCH (?v0)-[:Q412]->(Q142)  RETURN * LIMIT 2280000000	233	OK	21	4172728
'MATCH (?v0)-[:Q159]->(Q1743)  RETURN * LIMIT 2280000000	195693	OK	101	4172728
'MATCH (?v0)-[:Q432]->(Q492911)  RETURN * LIMIT 2280000000	71	OK	8	4172728
'MATCH (?v0)-[:Q12]->(Q27224)  RETURN * LIMIT 2280000000	153800	OK	77	4172728
'MATCH (?v0)-[:Q12]->(Q19)  RETURN * LIMIT 2280000000	198	OK	10	4172728
'MATCH (?v0)-[:Q12]->(Q22148)  RETURN * LIMIT 2280000000	211962	OK	98	4172728
'MATCH (?v0)-[:Q12]->(Q8700)  RETURN * LIMIT 2280000000	5674	OK	14	4172728
'MATCH (?v0)-[:Q206]->(Q5308)  RETURN * LIMIT 2280000000	199974	OK	113	4172728
'MATCH (?v0)-[:Q12]->(Q4629)  RETURN * LIMIT 2280000000	156	OK	11	4172728
'MATCH (?v0)-[:Q12]->(Q594979)  RETURN * LIMIT 2280000000	12562	OK	18	4172728
'MATCH (?v0)-[:Q159]->(Q155)  RETURN * LIMIT 2280000000	206964	OK	93	4172728
'MATCH (?v0)-[:Q12]->(Q1634)  RETURN * LIMIT 2280000000	131	OK	7	4172728
'MATCH (?v0)-[:Q12]->(Q110872)  RETURN * LIMIT 2280000000	258263	OK	111	4172728
'MATCH (?v0)-[:Q12]->(Q1261570)  RETURN * LIMIT 2280000000	588515	OK	178	4172728
'MATCH (?v0)-[:Q305]->(Q151262)  RETURN * LIMIT 2280000000	339	OK	8	4172728
'MATCH (?v0)-[:Q210]->(Q18233)  RETURN * LIMIT 2280000000	634	OK	7	4172728
'MATCH (?v0)-[:Q12]->(Q3058)  RETURN * LIMIT 2280000000	38580	OK	33	4172728
'MATCH (?v0)-[:Q12]->(Q1561)  RETURN * LIMIT 2280000000	351	OK	10	4172728
'MATCH (?v0)-[:Q12]->(Q76451)  RETURN * LIMIT 2280000000	13692	OK	26	4172728
'MATCH (?v0)-[:Q12]->(Q5515)  RETURN * LIMIT 2280000000	396024	OK	144	4172728
'MATCH (?v0)-[:Q12]->(Q1306)  RETURN * LIMIT 2280000000	1382	OK	7	4172728
'MATCH (?v0)-[:Q12]->(Q6499)  RETURN * LIMIT 2280000000	10331	OK	18	4172728
'MATCH (?v0)-[:Q12]->(Q18959)  RETURN * LIMIT 2280000000	157591	OK	65	4172728
'MATCH (?v0)-[:Q1]->(Q91697372)  RETURN * LIMIT 2280000000	0	OK	4	4172728
'MATCH (?v0)-[:Q159]->(Q137)  RETURN * LIMIT 2280000000	262144	OK	110	4172728
'MATCH (?v0)-[:Q12]->(Q1304)  RETURN * LIMIT 2280000000	11686	OK	17	4172728
'MATCH (Q176869984)-[:Q1778]->(?v0)  RETURN * LIMIT 2280000000	1	OK	9	4172728
'MATCH (?v0)-[:Q12]->(Q19226)  RETURN * LIMIT 2280000000	103530	OK	52	4172728
'MATCH (?v0)-[:Q12]->(Q4673)  RETURN * LIMIT 2280000000	357	OK	9	4172728
'MATCH (?v0)-[:Q12]->(Q4902)  RETURN * LIMIT 2280000000	222258	OK	121	4172728
'MATCH (Q5892263)-[:Q397]->(?v0)  RETURN * LIMIT 2280000000	0	OK	7	4172728
'MATCH (?v0)-[:Q12]->(Q134626)  RETURN * LIMIT 2280000000	1335	OK	9	4172728
'MATCH (?v0)-[:Q197]->(Q1419372)  RETURN * LIMIT 2280000000	10	OK	9	4172728
'MATCH (?v0)-[:Q338]->(Q99784)  RETURN * LIMIT 2280000000	14	OK	8	4172728
'MATCH (?v0)-[:Q12]->(Q16517)  RETURN * LIMIT 2280000000	82319	OK	56	4172728
'MATCH (?v0)-[:Q201]->(Q373)  RETURN * LIMIT 2280000000	3228908	OK	1078	4172728
'MATCH (?v0)-[:Q12]->(Q27126)  RETURN * LIMIT 2280000000	439921	OK	176	4172728
'MATCH (?v0)-[:Q12]->(Q23540)  RETURN * LIMIT 2280000000	865713	OK	272	4172728
'MATCH (Q695105)-[:Q206]->(?v0)  RETURN * LIMIT 2280000000	8	OK	9	4172728
'MATCH (?v0)-[:Q494]->(Q129378447)  RETURN * LIMIT 2280000000	0	OK	8	4172728
'MATCH (?v0)-[:Q305]->(Q90507)  RETURN * LIMIT 2280000000	3842	OK	12	4172728
'MATCH (?v0)-[:Q12]->(Q24559)  RETURN * LIMIT 2280000000	524968	OK	193	4172728
'MATCH (?v0)-[:Q12]->(Q24467)  RETURN * LIMIT 2280000000	71037	OK	45	4172728
'MATCH (?v0)-[:Q159]->(Q24)  RETURN * LIMIT 2280000000	421796	OK	150	4172728
'MATCH (?v0)-[:Q305]->(Q1442949)  RETURN * LIMIT 2280000000	74	OK	8	4172728
'MATCH (?v0)-[:Q12]->(Q150575)  RETURN * LIMIT 2280000000	4897	OK	13	4172728
'MATCH (?v0)-[:Q205]->(Q139)  RETURN * LIMIT 2280000000	44786	OK	47	4172728
'MATCH (?v0)-[:Q159]->(Q1714)  RETURN * LIMIT 2280000000	29171	OK	18	4172728
'MATCH (?v0)-[:Q206]->(Q16044)  RETURN * LIMIT 2280000000	239574	OK	110	4172728
'MATCH (?v0)-[:Q12]->(Q98452)  RETURN * LIMIT 2280000000	21182	OK	24	4172728
'MATCH (?v0)-[:Q6]->(Q4255408)  RETURN * LIMIT 2280000000	1	OK	8	4172728
'MATCH (Q587)-[:Q12]->(?v0)  RETURN * LIMIT 2280000000	1	OK	8	4172728
'MATCH (?v0)-[:Q443]->(Q1503)  RETURN * LIMIT 2280000000	2109463	OK	685	4172728
'MATCH (?v0)-[:Q196]->(Q5881)  RETURN * LIMIT 2280000000	63	OK	9	4172728
'MATCH (?v0)-[:Q703]->(Q151198)  RETURN * LIMIT 2280000000	4619	OK	11	4172728
'MATCH (?v0)-[:Q205]->(Q153)  RETURN * LIMIT 2280000000	378575	OK	169	4172728
'MATCH (?v0)-[:Q205]->(Q24)  RETURN * LIMIT 2280000000	167373	OK	75	4172728
'MATCH (?v0)-[:Q205]->(Q157)  RETURN * LIMIT 2280000000	27333	OK	42	4172728
'MATCH (?v0)-[:Q705]->(Q533192)  RETURN * LIMIT 2280000000	20	OK	7	4172728
'MATCH (?v0)-[:Q12]->(Q119888)  RETURN * LIMIT 2280000000	751	OK	11	4172728
'MATCH (?v0)-[:Q206]->(Q378)  RETURN * LIMIT 2280000000	465556	OK	221	4172728
'MATCH (?v0)-[:Q937]->(Q428)  RETURN * LIMIT 2280000000	43647	OK	31	4172728
'MATCH (?v0)-[:Q159]->(Q153)  RETURN * LIMIT 2280000000	1094276	OK	390	4172728
'MATCH (?v0)-[:Q196]->(Q9880)  RETURN * LIMIT 2280000000	37	OK	8	4172728
'MATCH (?v0)-[:Q12]->(Q52664)  RETURN * LIMIT 2280000000	309	OK	10	4172728
'MATCH (?v0)-[:Q1619]->(Q110723037)  RETURN * LIMIT 2280000000	0	OK	9	4172728
'MATCH (?v0)-[:Q390]->(Q155815)  RETURN * LIMIT 2280000000	1089	OK	11	4172728
'MATCH (?v0)-[:Q412]->(Q27019)  RETURN * LIMIT 2280000000	9641	OK	13	4172728
'MATCH (?v0)-[:Q12]->(Q97903)  RETURN * LIMIT 2280000000	330614	OK	137	4172728
'MATCH (?v0)-[:Q12]->(Q94480)  RETURN * LIMIT 2280000000	19260	OK	23	4172728
'MATCH (Q1078779)-[:Q196]->(?v0)  RETURN * LIMIT 2280000000	1	OK	8	4172728
'MATCH (?v0)-[:Q381]->(Q979074)  RETURN * LIMIT 2280000000	60	OK	4	4172728
'MATCH (?v0)-[:Q2431]->(Q3745569)  RETURN * LIMIT 2280000000	0	OK	10	4172728
'MATCH (?v0)-[:Q2431]->(Q200291567)  RETURN * LIMIT 2280000000	0	OK	6	4172728
'MATCH (?v0)-[:Q2431]->(Q175388649)  RETURN * LIMIT 2280000000	0	OK	10	4172728
'MATCH (?v0)-[:Q2431]->(Q91884626)  RETURN * LIMIT 2280000000	0	OK	10	4172728
'MATCH (?v0)-[:Q12]->(Q10961)  RETURN * LIMIT 2280000000	1286260	OK	433	4172728
'MATCH (?v0)-[:Q2431]->(Q244098417)  RETURN * LIMIT 2280000000	0	OK	9	4172728
'MATCH (?v0)-[:Q2431]->(Q103152576)  RETURN * LIMIT 2280000000	0	OK	7	4172728
'MATCH (?v0)-[:Q2431]->(Q266051853)  RETURN * LIMIT 2280000000	0	OK	9	4172728
'MATCH (?v0)-[:Q2431]->(Q155206990)  RETURN * LIMIT 2280000000	1	OK	6	4172728
'MATCH (?v0)-[:Q2431]->(Q234677918)  RETURN * LIMIT 2280000000	0	OK	9	4172728
'MATCH (?v0)-[:Q2431]->(Q264839047)  RETURN * LIMIT 2280000000	0	OK	10	4172728
'MATCH (?v0)-[:Q12]->(Q340326)  RETURN * LIMIT 2280000000	102	OK	8	4172728
'MATCH (?v0)-[:Q2431]->(Q56743743)  RETURN * LIMIT 2280000000	0	OK	9	4172728
'MATCH (?v0)-[:Q11]->(Q148645)  RETURN * LIMIT 2280000000	150	OK	9	4172728
'MATCH (Q483323)-[:Q282]->(?v0)  RETURN * LIMIT 2280000000	0	OK	11	4172728
'MATCH (?v0)-[:Q12]->(Q2602389)  RETURN * LIMIT 2280000000	62	OK	10	4172728
'MATCH (Q93282)-[:Q31]->(?v0)  RETURN * LIMIT 2280000000	67	OK	7	4172728
'MATCH (?v0)-[:Q12]->(Q26304499)  RETURN * LIMIT 2280000000	8	OK	9	4172728
'MATCH (?v0)-[:Q196]->(Q474012)  RETURN * LIMIT 2280000000	45	OK	9	4172728
'MATCH (?v0)-[:Q218]->(Q36526)  RETURN * LIMIT 2280000000	56069	OK	47	4172728
'MATCH (?v0)-[:Q390]->(Q17200047)  RETURN * LIMIT 2280000000	167	OK	10	4172728
'MATCH (?v0)-[:Q390]->(Q340092)  RETURN * LIMIT 2280000000	922	OK	10	4172728
'MATCH (?v0)-[:Q390]->(Q432455)  RETURN * LIMIT 2280000000	1599	OK	12	4172728
'MATCH (?v0)-[:Q444]->(Q12643100)  RETURN * LIMIT 2280000000	341	OK	9	4172728
'MATCH (Q87929)-[:Q282]->(?v0)  RETURN * LIMIT 2280000000	2	OK	9	4172728
'MATCH (?v0)-[:Q602]->(Q130622)  RETURN * LIMIT 2280000000	295	OK	10	4172728
'MATCH (?v0)-[:Q2431]->(Q235621038)  RETURN * LIMIT 2280000000	0	OK	10	4172728
'MATCH (?v0)-[:Q2431]->(Q92540317)  RETURN * LIMIT 2280000000	0	OK	9	4172732
'MATCH (?v0)-[:Q2431]->(Q96974007)  RETURN * LIMIT 2280000000	0	OK	10	4172732
'MATCH (?v0)-[:Q203]->(Q245242)  RETURN * LIMIT 2280000000	20	OK	9	4172732
'MATCH (?v0)-[:Q218]->(Q684815)  RETURN * LIMIT 2280000000	559	OK	6	4172732
'MATCH (?v0)-[:Q12]->(Q536994)  RETURN * LIMIT 2280000000	1	OK	10	4172732
'MATCH (?v0)-[:Q12]->(Q115100)  RETURN * LIMIT 2280000000	763057	OK	235	4172732
'MATCH (?v0)-[:Q12]->(Q380310)  RETURN * LIMIT 2280000000	1128	OK	10	4172732
'MATCH (Q171727039)-[:Q206]->(?v0)  RETURN * LIMIT 2280000000	2	OK	5	4172732
'MATCH (Q4178506)-[:Q206]->(?v0)  RETURN * LIMIT 2280000000	1	OK	6	4172732
'MATCH (Q97124157)-[:Q206]->(?v0)  RETURN * LIMIT 2280000000	1	OK	9	4172732
'MATCH (?v0)-[:Q12]->(Q3059)  RETURN * LIMIT 2280000000	285	OK	10	4172732
'MATCH (?v0)-[:Q206]->(Q10281)  RETURN * LIMIT 2280000000	54622	OK	49	4172732
'MATCH (?v0)-[:Q12]->(Q488053)  RETURN * LIMIT 2280000000	21	OK	7	4172732
'MATCH (?v0)-[:Q12]->(Q679767)  RETURN * LIMIT 2280000000	42	OK	6	4172732
'MATCH (?v0)-[:Q201]->(Q8024)  RETURN * LIMIT 2280000000	738071	OK	282	4172732
'MATCH (?v0)-[:Q206]->(Q739)  RETURN * LIMIT 2280000000	210282	OK	116	4172732
'MATCH (?v0)-[:Q939]->(Q796)  RETURN * LIMIT 2280000000	131	OK	10	4172732
'MATCH (Q51704108)-[:Q12]->(?v0)  RETURN * LIMIT 2280000000	1	OK	6	4172732
'MATCH (?v0)-[:Q12]->(Q21384)  RETURN * LIMIT 2280000000	169577	OK	78	4172732
'MATCH (?v0)-[:Q12]->(Q1505)  RETURN * LIMIT 2280000000	2465671	OK	786	4172732
'MATCH (?v0)-[:Q601]->(Q49613)  RETURN * LIMIT 2280000000	49395	OK	34	4172732
'MATCH (?v0)-[:Q949]->(Q118362)  RETURN * LIMIT 2280000000	42276	OK	33	4172732
'MATCH (?v0)-[:Q1916]->(Q95540)  RETURN * LIMIT 2280000000	29	OK	7	4172732
'MATCH (Q268505807)-[:Q206]->(?v0)  RETURN * LIMIT 2280000000	4	OK	10	4172732
'MATCH (?v0)-[:Q12]->(Q13942930)  RETURN * LIMIT 2280000000	1000	OK	10	4172732
'MATCH (?v0)-[:Q375]->(Q29)  RETURN * LIMIT 2280000000	33967	OK	25	4172732
'MATCH (?v0)-[:Q12]->(Q570798)  RETURN * LIMIT 2280000000	29	OK	6	4172732
'MATCH (?v0)-[:Q937]->(Q19)  RETURN * LIMIT 2280000000	805	OK	7	4172732
'MATCH (?v0)-[:Q363]->(Q45117)  RETURN * LIMIT 2280000000	249	OK	9	4172732
'MATCH (?v0)-[:Q12]->(Q217208)  RETURN * LIMIT 2280000000	11	OK	5	4172732
'MATCH (?v0)-[:Q471]->(Q95589)  RETURN * LIMIT 2280000000	681	OK	9	4172732
'MATCH (?v0)-[:Q196]->(Q6499)  RETURN * LIMIT 2280000000	108	OK	9	4172732
'MATCH (?v0)-[:Q196]->(Q153041)  RETURN * LIMIT 2280000000	54	OK	9	4172732
'MATCH (?v0)-[:Q264]->(Q22)  RETURN * LIMIT 2280000000	89	OK	9	4172732
'MATCH (?v0)-[:Q12]->(Q177903)  RETURN * LIMIT 2280000000	733	OK	7	4172732
'MATCH (?v0)-[:Q12]->(Q9273)  RETURN * LIMIT 2280000000	8148	OK	13	4172732
'MATCH (?v0)-[:Q12]->(Q417531)  RETURN * LIMIT 2280000000	25269	OK	25	4172732
'MATCH (?v0)-[:Q12]->(Q505718)  RETURN * LIMIT 2280000000	7	OK	9	4172732
'MATCH (?v0)-[:Q206]->(Q35589)  RETURN * LIMIT 2280000000	13846	OK	21	4172732
'MATCH (?v0)-[:Q809]->(Q3449208)  RETURN * LIMIT 2280000000	318	OK	10	4172732
'MATCH (?v0)-[:Q586]->(Q93076931)  RETURN * LIMIT 2280000000	3	OK	9	4172732
'MATCH (?v0)-[:Q12]->(Q151722)  RETURN * LIMIT 2280000000	299	OK	6	4172732
'MATCH (?v0)-[:Q12]->(Q14242887)  RETURN * LIMIT 2280000000	1	OK	10	4172732
'MATCH (?v0)-[:Q12]->(Q383996)  RETURN * LIMIT 2280000000	366	OK	9	4172732
'MATCH (?v0)-[:Q205]->(Q143)  RETURN * LIMIT 2280000000	67585	OK	50	4172736
'MATCH (?v0)-[:Q12]->(Q1406)  RETURN * LIMIT 2280000000	51987	OK	36	4172736
'MATCH (?v0)-[:Q12]->(Q21426)  RETURN * LIMIT 2280000000	35084	OK	25	4172736
'MATCH (?v0)-[:Q12]->(Q722087)  RETURN * LIMIT 2280000000	40	OK	9	4172736
'MATCH (Q53736386)-[:Q206]->(?v0)  RETURN * LIMIT 2280000000	1	OK	6	4172736
'MATCH (Q131762741)-[:Q206]->(?v0)  RETURN * LIMIT 2280000000	1	OK	11	4172736
'MATCH (?v0)-[:Q305]->(Q2228663)  RETURN * LIMIT 2280000000	0	OK	10	4172736
'MATCH (?v0)-[:Q43]->(Q66)  RETURN * LIMIT 2280000000	204	OK	7	4172736
'MATCH (?v0)-[:Q159]->(Q2523)  RETURN * LIMIT 2280000000	25239	OK	26	4172736
'MATCH (?v0)-[:Q360]->(Q29008367)  RETURN * LIMIT 2280000000	1	OK	8	4172736
'MATCH (?v0)-[:Q159]->(Q22)  RETURN * LIMIT 2280000000	530395	OK	193	4172736
'MATCH (?v0)-[:Q412]->(Q31035)  RETURN * LIMIT 2280000000	473	OK	9	4172736
'MATCH (Q602036)-[:Q206]->(?v0)  RETURN * LIMIT 2280000000	7	OK	11	4172736
'MATCH (Q180087696)-[:Q800]->(?v0)  RETURN * LIMIT 2280000000	0	OK	10	4172736
'MATCH (?v0)-[:Q12]->(Q28649)  RETURN * LIMIT 2280000000	1420	OK	10	4172736
'MATCH (?v0)-[:Q159]->(Q1738)  RETURN * LIMIT 2280000000	95840	OK	46	4172736
'MATCH (?v0)-[:Q289]->(Q12162)  RETURN * LIMIT 2280000000	7172	OK	14	4172736
'MATCH (?v0)-[:Q12]->(Q322084)  RETURN * LIMIT 2280000000	40	OK	7	4172736
'MATCH (?v0)-[:Q12]->(Q435175)  RETURN * LIMIT 2280000000	15528	OK	20	4172736
'MATCH (?v0)-[:Q12]->(Q80335)  RETURN * LIMIT 2280000000	282	OK	7	4172736
'MATCH (?v0)-[:Q949]->(Q41675)  RETURN * LIMIT 2280000000	52516	OK	37	4172736
'MATCH (Q4845521)-[:Q205]->(?v0)  RETURN * LIMIT 2280000000	1	OK	9	4172736
'MATCH (?v0)-[:Q12]->(Q52773)  RETURN * LIMIT 2280000000	5344	OK	15	4172736
'MATCH (Q1407683)-[:Q206]->(?v0)  RETURN * LIMIT 2280000000	14	OK	9	4172736
'MATCH (?v0)-[:Q12]->(Q719623)  RETURN * LIMIT 2280000000	38	OK	9	4172736
'MATCH (?v0)-[:Q12]->(Q538891)  RETURN * LIMIT 2280000000	114	OK	9	4172736
'MATCH (Q24)-[:Q36]->(?v0)  RETURN * LIMIT 2280000000	1	OK	5	4172736
'MATCH (?v0)-[:Q926]->(Q572036)  RETURN * LIMIT 2280000000	55	OK	9	4172736
'MATCH (?v0)-[:Q12]->(Q68509)  RETURN * LIMIT 2280000000	5335	OK	13	4172736
'MATCH (Q396851)-[:Q196]->(?v0)  RETURN * LIMIT 2280000000	2	OK	6	4172736
'MATCH (?v0)-[:Q196]->(Q22148)  RETURN * LIMIT 2280000000	23	OK	10	4172736
'MATCH (?v0)-[:Q412]->(Q46436)  RETURN * LIMIT 2280000000	222	OK	6	4172736
'MATCH (?v0)-[:Q412]->(Q43697)  RETURN * LIMIT 2280000000	305	OK	10	4172736
'MATCH (?v0)-[:Q12]->(Q148619)  RETURN * LIMIT 2280000000	1542	OK	11	4172736
'MATCH (?v0)-[:Q159]->(Q1664)  RETURN * LIMIT 2280000000	37769	OK	33	4172736
'MATCH (?v0)-[:Q12]->(Q436852)  RETURN * LIMIT 2280000000	1429	OK	11	4172736
'MATCH (Q2177401)-[:Q74]->(?v0)  RETURN * LIMIT 2280000000	3	OK	9	4172736
'MATCH (?v0)-[:Q206]->(Q13073)  RETURN * LIMIT 2280000000	6698	OK	16	4172736
'MATCH (?v0)-[:Q176]->(Q57380415)  RETURN * LIMIT 2280000000	0	OK	5	4172736
'MATCH (?v0)-[:Q12]->(Q82767)  RETURN * LIMIT 2280000000	34	OK	9	4172736
'MATCH (?v0)-[:Q939]->(Q433081)  RETURN * LIMIT 2280000000	534	OK	7	4172736
'MATCH (?v0)-[:Q159]->(Q9)  RETURN * LIMIT 2280000000	56842	OK	41	4172736
'MATCH (?v0)-[:Q12]->(Q114019)  RETURN * LIMIT 2280000000	8890	OK	13	4172736
'MATCH (?v0)-[:Q12]->(Q21901)  RETURN * LIMIT 2280000000	45	OK	6	4172736
'MATCH (?v0)-[:Q12]->(Q94226)  RETURN * LIMIT 2280000000	9296	OK	18	4172736
'MATCH (?v0)-[:Q800]->(Q137151794)  RETURN * LIMIT 2280000000	1	OK	10	4172736
'MATCH (?v0)-[:Q381]->(Q1093990)  RETURN * LIMIT 2280000000	1	OK	11	4172736
'MATCH (?v0)-[:Q12]->(Q1069534)  RETURN * LIMIT 2280000000	9	OK	10	4172736
'MATCH (?v0)-[:Q12]->(Q12415158)  RETURN * LIMIT 2280000000	20	OK	9	4172736
'MATCH (?v0)-[:Q375]->(Q142035)  RETURN * LIMIT 2280000000	890	OK	11	4172736
'MATCH (?v0)-[:Q12]->(Q77856)  RETURN * LIMIT 2280000000	34897	OK	30	4172736
'MATCH (?v0)-[:Q206]->(Q741)  RETURN * LIMIT 2280000000	6002	OK	13	4172736
'MATCH (?v0)-[:Q12]->(Q434503)  RETURN * LIMIT 2280000000	7	OK	7	4172736
'MATCH (Q5902485)-[:Q206]->(?v0)  RETURN * LIMIT 2280000000	1	OK	8	4172740
'MATCH (?v0)-[:Q12]->(Q17)  RETURN * LIMIT 2280000000	338	OK	5	4172740
'MATCH (?v0)-[:Q973]->(Q159408)  RETURN * LIMIT 2280000000	16	OK	8	4172740
'MATCH (Q101378148)-[:Q206]->(?v0)  RETURN * LIMIT 2280000000	1	OK	6	4172740
'MATCH (Q165199989)-[:Q206]->(?v0)  RETURN * LIMIT 2280000000	1	OK	9	4172740
'MATCH (?v0)-[:Q811]->(Q302687)  RETURN * LIMIT 2280000000	4123	OK	12	4172740
'MATCH (?v0)-[:Q1515]->(Q6968100)  RETURN * LIMIT 2280000000	35	OK	9	4172740
'MATCH (?v0)-[:Q196]->(Q788)  RETURN * LIMIT 2280000000	27	OK	8	4172740
'MATCH (?v0)-[:Q159]->(Q156)  RETURN * LIMIT 2280000000	42888	OK	40	4172740
'MATCH (?v0)-[:Q939]->(Q1700)  RETURN * LIMIT 2280000000	1511	OK	10	4172740
'MATCH (?v0)-[:Q12]->(Q606692)  RETURN * LIMIT 2280000000	222	OK	10	4172740
'MATCH (?v0)-[:Q381]->(Q600988)  RETURN * LIMIT 2280000000	210	OK	5	4172740
'MATCH (?v0)-[:Q206]->(Q3161)  RETURN * LIMIT 2280000000	133534	OK	71	4172740
'MATCH (?v0)-[:Q375]->(Q59689)  RETURN * LIMIT 2280000000	3600	OK	11	4172740
'MATCH (?v0)-[:Q205]->(Q159)  RETURN * LIMIT 2280000000	18963	OK	25	4172740
'MATCH (?v0)-[:Q926]->(Q1093463)  RETURN * LIMIT 2280000000	17	OK	5	4172740
'MATCH (?v0)-[:Q12]->(Q192323)  RETURN * LIMIT 2280000000	277	OK	5	4172740
'MATCH (?v0)-[:Q12]->(Q101163)  RETURN * LIMIT 2280000000	114	OK	8	4172740
'MATCH (?v0)-[:Q381]->(Q172849900)  RETURN * LIMIT 2280000000	0	OK	7	4172740
'MATCH (?v0)-[:Q708]->(Q172849900)  RETURN * LIMIT 2280000000	0	OK	9	4172740
'MATCH (?v0)-[:Q939]->(Q1702)  RETURN * LIMIT 2280000000	1491	OK	9	4172740
'MATCH (Q565875)-[:Q312]->(?v0)  RETURN * LIMIT 2280000000	13	OK	9	4172740
'MATCH (?v0)-[:Q545]->(Q565875)  RETURN * LIMIT 2280000000	6	OK	5	4172740
'MATCH (?v0)-[:Q1473]->(Q97905)  RETURN * LIMIT 2280000000	5581	OK	13	4172740
'MATCH (?v0)-[:Q196]->(Q3647508)  RETURN * LIMIT 2280000000	38	OK	9	4172740
'MATCH (?v0)-[:Q12]->(Q130612)  RETURN * LIMIT 2280000000	84342	OK	48	4172740
'MATCH (?v0)-[:Q12]->(Q1163399)  RETURN * LIMIT 2280000000	1341	OK	10	4172740
'MATCH (?v0)-[:Q1250]->(Q28660)  RETURN * LIMIT 2280000000	78	OK	7	4172740
'MATCH (?v0)-[:Q159]->(Q977)  RETURN * LIMIT 2280000000	148678	OK	77	4172740
'MATCH (?v0)-[:Q210]->(Q997482)  RETURN * LIMIT 2280000000	50	OK	9	4172740
'MATCH (?v0)-[:Q1107]->(Q195613)  RETURN * LIMIT 2280000000	320	OK	8	4172740
'MATCH (?v0)-[:Q159]->(Q142)  RETURN * LIMIT 2280000000	666426	OK	222	4172740
'MATCH (?v0)-[:Q159]->(Q143)  RETURN * LIMIT 2280000000	316590	OK	116	4172740
'MATCH (?v0)-[:Q2431]->(Q267005898)  RETURN * LIMIT 2280000000	0	OK	10	4172740
'MATCH (?v0)-[:Q939]->(Q494049)  RETURN * LIMIT 2280000000	259	OK	10	4172740
'MATCH (Q92058844)-[:Q206]->(?v0)  RETURN * LIMIT 2280000000	1	OK	7	4172740
'MATCH (Q199315711)-[:Q206]->(?v0)  RETURN * LIMIT 2280000000	1	OK	9	4172740
'MATCH (?v0)-[:Q289]->(Q1705)  RETURN * LIMIT 2280000000	1051	OK	9	4172740
'MATCH (Q134669282)-[:Q206]->(?v0)  RETURN * LIMIT 2280000000	1	OK	10	4172740
'MATCH (Q91539227)-[:Q206]->(?v0)  RETURN * LIMIT 2280000000	1	OK	6	4172740
'MATCH (Q57053190)-[:Q206]->(?v0)  RETURN * LIMIT 2280000000	3	OK	6	4172740
'MATCH (Q132139625)-[:Q206]->(?v0)  RETURN * LIMIT 2280000000	2	OK	10	4172740
'MATCH (?v0)-[:Q939]->(Q25419)  RETURN * LIMIT 2280000000	479	OK	10	4172740
'MATCH (Q968045)-[:Q196]->(?v0)  RETURN * LIMIT 2280000000	1	OK	5	4172740
'MATCH (Q968045)-[:Q601]->(?v0)  RETURN * LIMIT 2280000000	0	OK	9	4172740
'MATCH (Q267887456)-[:Q601]->(?v0)  RETURN * LIMIT 2280000000	0	OK	9	4172744
'MATCH (Q132948132)-[:Q196]->(?v0)  RETURN * LIMIT 2280000000	0	OK	10	4172744
'MATCH (Q1820347)-[:Q601]->(?v0)  RETURN * LIMIT 2280000000	0	OK	6	4172744
'MATCH (?v0)-[:Q12]->(Q335129)  RETURN * LIMIT 2280000000	0	OK	9	4172744
'MATCH (?v0)-[:Q159]->(Q335129)  RETURN * LIMIT 2280000000	0	OK	9	4172744
'MATCH (?v0)-[:Q12]->(Q17491)  RETURN * LIMIT 2280000000	12912	OK	16	4172744
'MATCH (?v0)-[:Q12]->(Q9456048)  RETURN * LIMIT 2280000000	1100	OK	10	4172744
'MATCH (?v0)-[:Q12]->(Q23541)  RETURN * LIMIT 2280000000	150	OK	6	4172744
'MATCH (?v0)-[:Q12]->(Q52772)  RETURN * LIMIT 2280000000	10183	OK	15	4172744
'MATCH (?v0)-[:Q375]->(Q5206)  RETURN * LIMIT 2280000000	2721	OK	12	4172744
'MATCH (?v0)-[:Q939]->(Q472644)  RETURN * LIMIT 2280000000	500	OK	8	4172744
'MATCH (?v0)-[:Q710]->(Q146)  RETURN * LIMIT 2280000000	269	OK	34	4172744
'MATCH (Q2165144)-[:Q200]->(?v0)  RETURN * LIMIT 2280000000	1	OK	5	4172744
'MATCH (?v0)-[:Q703]->(Q120142)  RETURN * LIMIT 2280000000	3649	OK	11	4172744
'MATCH (?v0)-[:Q176]->(Q7383323)  RETURN * LIMIT 2280000000	654	OK	7	4172744
'MATCH (?v0)-[:Q12]->(Q930124)  RETURN * LIMIT 2280000000	72	OK	10	4172744
'MATCH (?v0)-[:Q206]->(Q83800)  RETURN * LIMIT 2280000000	860	OK	9	4172744
'MATCH (?v0)-[:Q12]->(Q5788639)  RETURN * LIMIT 2280000000	34	OK	9	4172744
'MATCH (?v0)-[:Q176]->(Q53222)  RETURN * LIMIT 2280000000	13	OK	8	4172744
'MATCH (?v0)-[:Q338]->(Q70166)  RETURN * LIMIT 2280000000	3394	OK	13	4172744
'MATCH (?v0)-[:Q926]->(Q18138)  RETURN * LIMIT 2280000000	1501	OK	11	4172744
'MATCH (?v0)-[:Q12]->(Q24786)  RETURN * LIMIT 2280000000	24969	OK	26	4172744
'MATCH (?v0)-[:Q939]->(Q39288)  RETURN * LIMIT 2280000000	5	OK	8	4172744
'MATCH (?v0)-[:Q939]->(Q1634)  RETURN * LIMIT 2280000000	185	OK	9	4172744
'MATCH (?v0)-[:Q444]->(Q6154958)  RETURN * LIMIT 2280000000	70	OK	8	4172744
'MATCH (?v0)-[:Q12]->(Q95589)  RETURN * LIMIT 2280000000	27503	OK	30	4172744
'MATCH (?v0)-[:Q12]->(Q738080)  RETURN * LIMIT 2280000000	27	OK	6	4172744
'MATCH (?v0)-[:Q1250]->(Q915904)  RETURN * LIMIT 2280000000	215	OK	9	4172744
'MATCH (?v0)-[:Q1420]->(Q85090)  RETURN * LIMIT 2280000000	76	OK	5	4172744
'MATCH (?v0)-[:Q289]->(Q12426)  RETURN * LIMIT 2280000000	13472	OK	21	4172744
'MATCH (?v0)-[:Q159]->(Q1691)  RETURN * LIMIT 2280000000	299485	OK	118	4172744
'MATCH (Q155686)-[:?v0]->(Q153)  RETURN * LIMIT 2280000000	1	OK	10	4172744
'MATCH (Q525322)-[:?v0]->(Q153)  RETURN * LIMIT 2280000000	1	OK	7	4172744
'MATCH (?v0)-[:Q196]->(Q682327)  RETURN * LIMIT 2280000000	1	OK	10	4172744
'MATCH (Q616)-[:Q159]->(?v0)  RETURN * LIMIT 2280000000	1	OK	5	4172744
'MATCH (?v0)-[:Q939]->(Q2163372)  RETURN * LIMIT 2280000000	68	OK	8	4172744
'MATCH (?v0)-[:Q444]->(Q1429157)  RETURN * LIMIT 2280000000	9	OK	8	4172744
'MATCH (?v0)-[:Q12]->(Q50714)  RETURN * LIMIT 2280000000	0	OK	7	4172744
